"","RegimenClara","Edad","Zona","Calidad","N","Vol.comercial20","Vol.comercial7","Vol.comercial7a20","costes.fijos","costes.variables","ing.fijos","E1_VCC20","E1_VCC7","E3_VCC20","E3_VCC7","turno","costes.var.tot","costes.tot","ingresos.Esc.1","ingresos.Esc.2","renta.Esc.1","renta.Esc.2","tiempo","renta.ant.act.Esc1.Int1","renta.act.Esc1.Int1","renta.ant.act.Esc1.Int2","renta.act.Esc1.Int2","renta.ant.act.Esc1.Int3","renta.act.Esc1.Int3","renta.ant.act.Esc2.Int1","renta.act.Esc2.Int1","renta.ant.act.Esc2.Int2","renta.act.Esc2.Int2","renta.ant.act.Esc2.Int3","renta.act.Esc2.Int3"
"7","M2",1,"zona costera","7",1250,0,0,0,2200,0,0,0,0,0,0,40,0,2200,0,0,-2200,-2200,0,0,-2200,0,-2200,0,-2200,0,-2200,0,-2200,0,-2200
"40","M2",3,"zona costera","7",1250,0,0,0,0,0,1527,0,0,0,0,40,0,0,1527,1527,1527,1527,2,-2288.88,-761.88,-2333.98,-806.98,-2379.52,-852.52,-2288.88,-761.88,-2333.98,-806.98,-2379.52,-852.52
"17","M2",14,"zona costera","7",1000,0,0.754,0.754,0,10.56,0,20,12,24,18,40,7.96224,7.96224,9.048,13.572,1.08576,5.60976,11,-947.302018079718,-946.216258079718,-1117.04904899721,-1115.96328899721,-1312.41537208973,-1311.32961208973,-947.302018079718,-941.692258079718,-1117.04904899721,-1111.43928899721,-1312.41537208973,-1306.80561208973
"23","M2",22,"zona costera","7",700,0,6.717,6.717,0,10.56,0,20,12,24,18,40,70.93152,70.93152,80.604,120.906,9.67247999999999,49.97448,8,-1108.64315523596,-1098.97067523596,-1413.66890642859,-1403.99642642859,-1794.64512198596,-1784.97264198596,-1103.34256819631,-1053.36808819631,-1407.93803858039,-1357.96355858039,-1788.45371560193,-1738.47923560193
"46","M2",30,"zona costera","7",300,5.55,42.877,37.327,0,10.56,0,30.72,12,40.12,18,40,452.78112,452.78112,618.42,894.552,165.63888,441.77088,8,-1287.61930108661,-1121.98042108661,-1778.54066737487,-1612.90178737487,-2442.85831364212,-2277.21943364212,-1234.18860218363,-792.417722183626,-1720.2276076243,-1278.4567276243,-2379.22887661701,-1937.45799661701
"60","M2",40,"zona costera","7",0,96.196,120.552,24.356,0,10.56,0,44.5,12,57.75,18,40,1273.02912,1273.02912,4572.994,5993.727,3299.96488,4720.69788,10,-1367.68787264795,1932.27700735205,-2167.6051303265,1132.3597496735,-3370.84105215373,-70.8761721537339,-965.952781646796,3754.7450983532,-1718.13893653699,3002.55894346301,-2867.91112676168,1852.78675323832
"8","M2",1,"zona costera","11",1250,0,0,0,2200,0,0,0,0,0,0,40,0,2200,0,0,-2200,-2200,0,0,-2200,0,-2200,0,-2200,0,-2200,0,-2200,0,-2200
"36","M2",3,"zona costera","11",1250,0,0,0,0,0,1527,0,0,0,0,40,0,0,1527,1527,1527,1527,2,-2288.88,-761.88,-2333.98,-806.98,-2379.52,-852.52,-2288.88,-761.88,-2333.98,-806.98,-2379.52,-852.52
"14","M2",14,"zona costera","11",1000,0,4.755,4.755,0,10.56,0,20,12,24,18,40,50.2128,50.2128,57.06,85.59,6.8472,35.3772,11,-947.302018079718,-940.454818079718,-1117.04904899721,-1110.20184899721,-1312.41537208973,-1305.56817208973,-947.302018079718,-911.924818079718,-1117.04904899721,-1081.67184899721,-1312.41537208973,-1277.03817208973
"27","M2",22,"zona costera","11",700,0,26.476,26.476,0,10.56,0,20,12,24,18,40,279.58656,279.58656,317.712,476.568,38.12544,196.98144,8,-1101.89271001188,-1063.76727001188,-1406.37048661088,-1368.24504661088,-1786.76019351619,-1748.63475351619,-1068.46526787189,-871.483827871886,-1370.22953618889,-1173.24809618889,-1747.71491850813,-1550.73347850813
"48","M2",30,"zona costera","11",300,51.839,105.44,53.601,0,10.56,0,30.72,12,40.12,18,40,1113.4464,1113.4464,2235.70608,3044.59868,1122.25968,1931.15228,8,-1246.37290111259,-124.113221112591,-1733.25188905347,-610.992209053471,-2393.12740412532,-1270.86772412532,-1021.08220231786,910.070077682141,-1486.23558629707,444.916693702929,-2122.28584411354,-191.133564113539
"57","M2",40,"zona costera","11",0,230.851,256.221,25.37,0,10.56,0,44.5,12,57.75,18,40,2705.69376,2705.69376,10577.3095,13788.30525,7871.61574,11082.61149,10,-151.293323983823,7720.32241601618,-821.122437398607,7050.49330260139,-1881.19468552368,5990.42105447632,1109.37034649872,12191.9818364987,597.930832110998,11680.542322111,-282.92436593514,10799.6871240649
"5","M2",1,"zona costera","16",1250,0,0,0,2200,0,0,0,0,0,0,40,0,2200,0,0,-2200,-2200,0,0,-2200,0,-2200,0,-2200,0,-2200,0,-2200,0,-2200
"37","M2",3,"zona costera","16",1250,0,0,0,0,0,1527,0,0,0,0,40,0,0,1527,1527,1527,1527,2,-2288.88,-761.88,-2333.98,-806.98,-2379.52,-852.52,-2288.88,-761.88,-2333.98,-806.98,-2379.52,-852.52
"18","M2",14,"zona costera","16",1000,0,17.457,17.457,0,10.56,0,20,12,24,18,40,184.34592,184.34592,209.484,314.226,25.13808,129.88008,11,-947.302018079718,-922.163938079718,-1117.04904899721,-1091.91096899721,-1312.41537208973,-1287.27729208973,-947.302018079718,-817.421938079718,-1117.04904899721,-987.168968997213,-1312.41537208973,-1182.53529208973
"30","M2",22,"zona costera","16",700,10.15,59.396,49.246,0,10.56,0,20,12,24,18,40,627.22176,627.22176,793.952,1130.028,166.73024,502.80624,8,-1080.46202887309,-913.731788873094,-1383.20014706463,-1216.46990706463,-1761.72786124352,-1594.99762124352,-957.740081988155,-454.933841988155,-1250.51611519993,-747.70987519993,-1618.38120176597,-1115.57496176597
"50","M2",30,"zona costera","16",300,150.42,209.939,59.519,0,10.56,0,30.72,12,40.12,18,40,2216.95584,2216.95584,5335.1304,7106.1924,3118.17456,4889.23656,8,-1070.58242215314,2047.59213784686,-1540.98768317785,1577.18687682215,-2182.86437990391,935.31018009609,-533.027503700824,4356.20905629918,-947.176499461339,3942.06006053866,-1526.74136607995,3362.49519392005
"58","M2",40,"zona costera","16",0,447.465,472.328,24.863,0,10.56,0,44.5,12,57.75,18,40,4987.78368,4987.78368,20210.5485,26288.63775,15222.76482,21300.85407,10,2496.00339046045,17718.7682104605,2119.60727704789,17342.3720970479,1384.48754871318,16607.2523687132,5310.19453195932,26611.0486019593,5297.79908371619,26598.6531537162,4977.31429386556,26278.1683638656
"9","M2",1,"zona costera","21",1250,0,0,0,2200,0,0,0,0,0,0,40,0,2200,0,0,-2200,-2200,0,0,-2200,0,-2200,0,-2200,0,-2200,0,-2200,0,-2200
"38","M2",3,"zona costera","21",1250,0,0,0,0,0,1527,0,0,0,0,40,0,0,1527,1527,1527,1527,2,-2288.88,-761.88,-2333.98,-806.98,-2379.52,-852.52,-2288.88,-761.88,-2333.98,-806.98,-2379.52,-852.52
"20","M2",14,"zona costera","21",1000,3.179,38.584,35.405,0,10.56,0,20,12,24,18,40,407.44704,407.44704,488.44,713.586,80.9929599999999,306.13896,11,-947.302018079718,-866.309058079718,-1117.04904899721,-1036.05608899721,-1312.41537208973,-1231.42241208973,-947.302018079718,-641.163058079718,-1117.04904899721,-810.910088997214,-1312.41537208973,-1006.27641208973
"25","M2",22,"zona costera","21",700,60.511,117.319,56.808,0,10.56,0,20,12,24,18,40,1238.88864,1238.88864,1891.916,2474.808,653.02736,1235.91936,8,-1015.01913474634,-361.991774746338,-1312.44485618114,-659.417496181136,-1685.28660116142,-1032.25924116142,-751.224711751202,484.694648248798,-1027.23663943704,208.68272056296,-1377.15875373887,-141.239393738869
"49","M2",30,"zona costera","21",300,296.238,354.15,57.912,0,10.56,0,30.72,12,40.12,18,40,3739.824,3739.824,9795.37536,12927.48456,6055.55136,9187.66056,8,-424.131058727206,5631.42030127279,-835.330355305795,5220.2210046942,-1412.71804944835,4642.83331055165,567.897031542297,9755.5575915423,264.353026911731,9452.01358691173,-193.295862969021,8994.36469703098
"51","M2",40,"zona costera","21",0,685.217,710.291,25.0740000000001,0,10.56,0,44.5,12,57.75,18,40,7500.67296,7500.67296,30793.0445,40022.61375,23292.37154,32521.94079,10,6864.66992389673,30157.0414638967,7015.54051200477,30307.9120520048,6872.5274737726,30164.8990137726,11891.9702680276,44413.9110580276,12702.7158772339,45224.6566672339,13313.8569392514,45835.7977292514
"2","M2",1,"zona costera","26",1250,0,0,0,2200,0,0,0,0,0,0,40,0,2200,0,0,-2200,-2200,0,0,-2200,0,-2200,0,-2200,0,-2200,0,-2200,0,-2200
"39","M2",3,"zona costera","26",1250,0,0,0,0,0,1527,0,0,0,0,40,0,0,1527,1527,1527,1527,2,-2288.88,-761.88,-2333.98,-806.98,-2379.52,-852.52,-2288.88,-761.88,-2333.98,-806.98,-2379.52,-852.52
"16","M2",14,"zona costera","26",1000,14.487,66.111,51.624,0,10.56,0,20,12,24,18,40,698.13216,698.13216,909.228,1276.92,211.09584,578.78784,11,-947.302018079718,-736.206178079718,-1117.04904899721,-905.953208997214,-1312.41537208973,-1101.31953208973,-947.302018079718,-368.514178079718,-1117.04904899721,-538.261208997214,-1312.41537208973,-733.627532089731
"22","M2",22,"zona costera","26",700,126.969,185.471,58.502,0,10.56,0,20,12,24,18,40,1958.57376,1958.57376,3241.404,4100.292,1282.83024,2141.71824,8,-862.582874898926,420.247365101074,-1147.63442029477,135.195819705228,-1507.23182622482,-224.401586224824,-431.773093779441,1709.94514622056,-681.853195529197,1459.8650444708,-1004.01993494321,1137.69830505679
"42","M2",30,"zona costera","26",300,460.073,515.36,55.287,0,10.56,0,30.72,12,40.12,18,40,5442.2016,5442.2016,14796.88656,19453.29476,9354.68496,14011.09316,8,492.386767662158,9847.07172766216,171.262019531257,9525.94697953126,-307.109065769144,9047.57589423085,2003.47327156861,16014.5664315686,1849.31336119921,15860.4065211992,1557.01868899926,15568.1118489993
"55","M2",40,"zona costera","26",0,967.052,991.899,24.847,0,10.56,0,44.5,12,57.75,18,40,10474.45344,10474.45344,43331.978,56294.499,32857.52456,45820.04556,10,12003.5254893083,44861.0500493083,12802.0761745557,45659.6007345557,13392.6225098002,46250.1470698002,19521.6671187175,65341.7126787175,21315.060106896,67135.1056668959,23044.6085914507,68864.6541514507
"4","M2",1,"zona interior","7",1250,0,0,0,2200,0,0,0,0,0,0,40,0,2200,0,0,-2200,-2200,0,0,-2200,0,-2200,0,-2200,0,-2200,0,-2200,0,-2200
"35","M2",3,"zona interior","7",1250,0,0,0,0,0,1527,0,0,0,0,40,0,0,1527,1527,1527,1527,2,-2288.88,-761.88,-2333.98,-806.98,-2379.52,-852.52,-2288.88,-761.88,-2333.98,-806.98,-2379.52,-852.52
"13","M2",14,"zona interior","7",1000,0,0.695,0.695,0,10.56,0,20,12,24,18,40,7.3392,7.3392,8.34,12.51,1.0008,5.1708,11,-947.302018079718,-946.301218079718,-1117.04904899721,-1116.04824899721,-1312.41537208973,-1311.41457208973,-947.302018079718,-942.131218079718,-1117.04904899721,-1111.87824899721,-1312.41537208973,-1307.24457208973
"24","M2",22,"zona interior","7",700,0,6.315,6.315,0,10.56,0,20,12,24,18,40,66.6864,66.6864,75.78,113.67,9.0936,46.9836,8,-1108.74269941697,-1099.64909941697,-1413.77653121471,-1404.68293121471,-1794.76139561248,-1785.66779561248,-1103.85687979819,-1056.87327979819,-1408.49409997532,-1361.51049997532,-1789.05446267229,-1742.07086267229
"47","M2",30,"zona interior","7",300,5.506,42.315,36.809,0,10.56,0,30.72,12,40.12,18,40,446.8464,446.8464,610.85232,883.46272,164.00592,436.61632,8,-1288.41418314259,-1124.40826314259,-1779.41031109865,-1615.40439109865,-2443.80967938065,-2279.80375938065,-1238.29549280619,-801.679172806185,-1724.72076686383,-1288.10444686383,-2384.14426626611,-1947.52794626611
"53","M2",40,"zona interior","7",0,98.359,121.591,23.232,0,10.56,0,44.5,12,57.75,18,40,1284.00096,1284.00096,4655.7595,6098.40825,3371.75854,4814.40729,10,-1370.64739856681,2001.11114143319,-2170.96842046189,1200.79011953811,-3374.66648555857,-2.90794555856883,-977.242438276753,3837.16485172325,-1731.1046644463,3083.3026255537,-2882.81711217918,1931.59017782082
"1","M2",1,"zona interior","11",1250,0,0,0,2200,0,0,0,0,0,0,40,0,2200,0,0,-2200,-2200,0,0,-2200,0,-2200,0,-2200,0,-2200,0,-2200,0,-2200
"31","M2",3,"zona interior","11",1250,0,0,0,0,0,1527,0,0,0,0,40,0,0,1527,1527,1527,1527,2,-2288.88,-761.88,-2333.98,-806.98,-2379.52,-852.52,-2288.88,-761.88,-2333.98,-806.98,-2379.52,-852.52
"15","M2",14,"zona interior","11",1000,0,3.471,3.471,0,10.56,0,20,12,24,18,40,36.65376,36.65376,41.652,62.478,4.99824,25.82424,11,-947.302018079718,-942.303778079718,-1117.04904899721,-1112.05080899721,-1312.41537208973,-1307.41713208973,-947.302018079718,-921.477778079718,-1117.04904899721,-1091.22480899721,-1312.41537208973,-1286.59113208973
"28","M2",22,"zona interior","11",700,0,25.636,25.636,0,10.56,0,20,12,24,18,40,270.71616,270.71616,307.632,461.448,36.91584,190.73184,8,-1104.05906134098,-1067.14322134098,-1408.71269382056,-1371.79685382057,-1789.29062294763,-1752.37478294763,-1079.65808307223,-888.926243072226,-1382.33094010559,-1191.59910010559,-1760.78880390389,-1570.05696390389
"44","M2",30,"zona interior","11",300,54.072,108.698,54.626,0,10.56,0,30.72,12,40.12,18,40,1147.85088,1147.85088,2316.60384,3152.63664,1168.75296,2004.78576,8,-1250.32836615714,-81.5754061571354,-1737.75121216155,-568.998252161553,-2398.24589265279,-1229.49293265279,-1041.51877171467,963.266988285326,-1509.48208902216,495.303670977836,-2148.73136817213,-143.945608172134
"54","M2",40,"zona interior","11",0,246.758,271.774,25.016,0,10.56,0,44.5,12,57.75,18,40,2869.93344,2869.93344,11280.923,14700.5625,8410.98956,11830.62906,10,-99.439964914354,8311.54959508564,-764.686070898089,7646.30348910191,-1819.94988690678,6591.03967309322,1174.21708368497,13004.846143685,665.646716176385,12496.2757761764,-213.074663835897,11617.5543961641
"6","M2",1,"zona interior","16",1250,0,0,0,2200,0,0,0,0,0,0,40,0,2200,0,0,-2200,-2200,0,0,-2200,0,-2200,0,-2200,0,-2200,0,-2200,0,-2200
"32","M2",3,"zona interior","16",1250,0,0,0,0,0,1527,0,0,0,0,40,0,0,1527,1527,1527,1527,2,-2288.88,-761.88,-2333.98,-806.98,-2379.52,-852.52,-2288.88,-761.88,-2333.98,-806.98,-2379.52,-852.52
"19","M2",14,"zona interior","16",1000,0,12.668,12.668,0,10.56,0,20,12,24,18,40,133.77408,133.77408,152.016,228.024,18.24192,94.24992,11,-947.302018079718,-929.060098079718,-1117.04904899721,-1098.80712899721,-1312.41537208973,-1294.17345208973,-947.302018079718,-853.052098079718,-1117.04904899721,-1022.79912899721,-1312.41537208973,-1218.16545208973
"29","M2",22,"zona interior","16",700,10.595,61.264,50.669,0,10.56,0,20,12,24,18,40,646.94784,646.94784,819.928,1166.322,172.98016,519.37416,8,-1088.54197942999,-915.561819429987,-1391.93599622909,-1218.95583622909,-1771.16573238616,-1598.18557238616,-999.486493198767,-480.112333198766,-1295.65133588298,-776.277175882983,-1667.14353600295,-1147.76937600295
"45","M2",30,"zona interior","16",300,179.214,239.833,60.619,0,10.56,0,30.72,12,40.12,18,40,2532.63648,2532.63648,6232.88208,8281.20768,3700.2456,5748.5712,8,-1072.72659462265,2627.51900537735,-1544.13678386784,2156.10881613216,-2187.22731117193,1513.01828882807,-562.52811912722,5186.04308087278,-983.364701272636,4765.20649872737,-1570.80164500062,4177.76955499938
"59","M2",40,"zona interior","16",0,509.386,534.93,25.5439999999999,0,10.56,0,44.5,12,57.75,18,40,5648.8608,5648.8608,22974.205,29876.8335,17325.3442,24227.9727,10,3202.93100598517,20528.2752059852,2897.62995364828,20222.9741536483,2239.63667501468,19564.9808750147,6321.75757743634,30549.7302774363,6404.03906459676,30632.0117645968,6184.11950749369,30412.0922074937
"10","M2",1,"zona interior","21",1250,0,0,0,2200,0,0,0,0,0,0,40,0,2200,0,0,-2200,-2200,0,0,-2200,0,-2200,0,-2200,0,-2200,0,-2200,0,-2200
"33","M2",3,"zona interior","21",1250,0,0,0,0,0,1527,0,0,0,0,40,0,0,1527,1527,1527,1527,2,-2288.88,-761.88,-2333.98,-806.98,-2379.52,-852.52,-2288.88,-761.88,-2333.98,-806.98,-2379.52,-852.52
"12","M2",14,"zona interior","21",1000,0,31.611,31.611,0,10.56,0,20,12,24,18,40,333.81216,333.81216,379.332,568.998,45.51984,235.18584,11,-947.302018079718,-901.782178079718,-1117.04904899721,-1071.52920899721,-1312.41537208973,-1266.89553208973,-947.302018079718,-712.116178079718,-1117.04904899721,-881.863208997213,-1312.41537208973,-1077.22953208973
"26","M2",22,"zona interior","21",700,62.98,122.773,59.793,0,10.56,0,20,12,24,18,40,1296.48288,1296.48288,1977.116,2587.794,680.63312,1291.31112,8,-1056.58154856776,-375.948428567757,-1357.38114329061,-676.748023290608,-1733.83401531473,-1053.20089531473,-834.357600410582,456.953519589418,-1117.11792903414,174.193190965855,-1474.26299780056,-182.951877800561
"41","M2",30,"zona interior","21",300,348.786,410.002,61.216,0,10.56,0,30.72,12,40.12,18,40,4329.62112,4329.62112,11449.29792,15095.18232,7119.6768,10765.5612,8,-440.483503104473,6679.19329689553,-857.284148542753,6262.39265145725,-1441.37814918686,5678.29865081314,535.393877908945,11300.9550779089,220.662722696985,10986.223922697,-250.382277671375,10515.1789223286
"52","M2",40,"zona interior","21",0,822.376,848.894,26.518,0,10.56,0,44.5,12,57.75,18,40,8964.32064,8964.32064,36913.948,47969.538,27949.62736,39005.21736,10,8141.89935898203,36091.526718982,8416.13205817766,36365.7594181777,8405.26912592569,36354.8964859257,13775.8011805824,52781.0185405824,14764.5662768547,53769.7836368547,15565.0335046708,54570.2508646708
"3","M2",1,"zona interior","26",1250,0,0,0,2200,0,0,0,0,0,0,40,0,2200,0,0,-2200,-2200,0,0,-2200,0,-2200,0,-2200,0,-2200,0,-2200,0,-2200
"34","M2",3,"zona interior","26",1250,0,0,0,0,0,1527,0,0,0,0,40,0,0,1527,1527,1527,1527,2,-2288.88,-761.88,-2333.98,-806.98,-2379.52,-852.52,-2288.88,-761.88,-2333.98,-806.98,-2379.52,-852.52
"11","M2",14,"zona interior","26",1000,10.981,60.103,49.122,0,10.56,0,20,12,24,18,40,634.68768,634.68768,809.084,1147.74,174.39632,513.05232,11,-947.302018079718,-772.905698079718,-1117.04904899721,-942.652728997214,-1312.41537208973,-1138.01905208973,-947.302018079718,-434.249698079718,-1117.04904899721,-603.996728997213,-1312.41537208973,-799.363052089731
"21","M2",22,"zona interior","26",700,135.643,198.765,63.122,0,10.56,0,20,12,24,18,40,2098.9584,2098.9584,3470.324,4391.628,1371.3656,2292.6696,8,-905.582211785206,465.783388214794,-1194.12427423206,177.241325767941,-1557.45765346155,-186.092053461553,-508.792732452503,1783.8768675475,-765.124985549654,1527.54461445035,-1093.9835331275,1198.68606687249
"43","M2",30,"zona interior","26",300,553.283,613.637,60.3539999999999,0,10.56,0,30.72,12,40.12,18,40,6480.00672,6480.00672,17721.10176,23284.08596,11241.09504,16804.07924,8,545.739476316883,11786.8345163169,224.524008668304,11465.6190486683,-254.679824893846,10986.4152151062,2090.09606641496,18894.175306415,1935.04781557048,18739.1270555705,1640.48465227372,18444.5638922737
"56","M2",40,"zona interior","26",0,1191.609,1219.186,27.577,0,10.56,0,44.5,12,57.75,18,40,12874.60416,12874.60416,53357.5245,69311.80575,40482.92034,56437.20159,10,14368.0855047919,54851.0058447919,15408.8332388253,55891.7535788253,16262.5783339008,56745.4986739008,23031.8942689226,79469.0958589226,25183.8197845918,81621.0213745918,27302.4602893494,83739.6618793494
"62","M4",1,"zona costera","7",1250,0,0,0,2200,0,0,0,0,0,0,25,0,2200,0,0,-2200,-2200,0,0,-2200,0,-2200,0,-2200,0,-2200,0,-2200,0,-2200
"100","M4",3,"zona costera","7",1250,0,0,0,0,0,1527,0,0,0,0,25,0,0,1527,1527,1527,1527,2,-2288.88,-761.88,-2333.98,-806.98,-2379.52,-852.52,-2288.88,-761.88,-2333.98,-806.98,-2379.52,-852.52
"76","M4",15,"zona costera","7",700,0,2.415,2.415,0,0,0,20,12,24,18,25,0,0,28.98,43.47,28.98,43.47,12,-966.248058441312,-937.268058441312,-1150.56052046713,-1121.58052046713,-1364.91198697332,-1335.93198697332,-966.248058441312,-922.778058441312,-1150.56052046713,-1107.09052046713,-1364.91198697332,-1321.44198697332
"90","M4",25,"zona costera","7",0,15.094,71.024,55.93,0,10.56,0,20,12,24,18,25,750.01344,750.01344,973.04,1368.996,223.02656,618.98256,10,-1142.52453327928,-919.49797327928,-1507.31043220908,-1284.28387220908,-1977.50568875687,-1754.47912875687,-1124.86130413356,-505.878744133556,-1487.83708387238,-868.854523872385,-1956.0569490684,-1337.0743890684
"63","M4",1,"zona costera","11",1250,0,0,0,2200,0,0,0,0,0,0,25,0,2200,0,0,-2200,-2200,0,0,-2200,0,-2200,0,-2200,0,-2200,0,-2200,0,-2200
"96","M4",3,"zona costera","11",1250,0,0,0,0,0,1527,0,0,0,0,25,0,0,1527,1527,1527,1527,2,-2288.88,-761.88,-2333.98,-806.98,-2379.52,-852.52,-2288.88,-761.88,-2333.98,-806.98,-2379.52,-852.52
"77","M4",15,"zona costera","11",700,0,14.78,14.78,0,0,0,20,12,24,18,25,0,0,177.36,266.04,177.36,266.04,12,-966.248058441312,-788.888058441312,-1150.56052046713,-973.20052046713,-1364.91198697332,-1187.55198697332,-966.248058441312,-700.208058441312,-1150.56052046713,-884.52052046713,-1364.91198697332,-1098.87198697332
"82","M4",25,"zona costera","11",0,117.56,196.992,79.432,0,10.56,0,20,12,24,18,25,2080.23552,2080.23552,3304.384,4251.216,1224.14848,2170.98048,10,-961.650141240458,262.498338759542,-1307.900119842,-83.7516398420012,-1757.86704176068,-533.718561760683,-853.549716075323,1317.43076392468,-1188.72161532176,982.258864678236,-1626.59897857412,544.381501425877
"66","M4",1,"zona costera","16",1250,0,0,0,2200,0,0,0,0,0,0,25,0,2200,0,0,-2200,-2200,0,0,-2200,0,-2200,0,-2200,0,-2200,0,-2200,0,-2200
"97","M4",3,"zona costera","16",1250,0,0,0,0,0,1527,0,0,0,0,25,0,0,1527,1527,1527,1527,2,-2288.88,-761.88,-2333.98,-806.98,-2379.52,-852.52,-2288.88,-761.88,-2333.98,-806.98,-2379.52,-852.52
"80","M4",15,"zona costera","16",700,0.795,56.324,55.529,0,0,0,20,12,24,18,25,0,0,682.248,1018.602,682.248,1018.602,12,-966.248058441312,-284.000058441312,-1150.56052046713,-468.31252046713,-1364.91198697332,-682.663986973321,-966.248058441312,52.3539415586877,-1150.56052046713,-131.95852046713,-1364.91198697332,-346.309986973321
"81","M4",25,"zona costera","16",0,313.566,402.004,88.438,0,10.56,0,20,12,24,18,25,4245.16224,4245.16224,7332.576,9117.468,3087.41376,4872.30576,10,-346.194486518145,2741.21927348185,-629.372866907705,2458.04089309229,-1010.50946523683,2076.90429476317,63.8191626247719,4936.12492262477,-177.341217049792,4694.96454295021,-512.623379027404,4359.6823809726
"65","M4",1,"zona costera","21",1250,0,0,0,2200,0,0,0,0,0,0,25,0,2200,0,0,-2200,-2200,0,0,-2200,0,-2200,0,-2200,0,-2200,0,-2200,0,-2200
"98","M4",3,"zona costera","21",1250,0,0,0,0,0,1527,0,0,0,0,25,0,0,1527,1527,1527,1527,2,-2288.88,-761.88,-2333.98,-806.98,-2379.52,-852.52,-2288.88,-761.88,-2333.98,-806.98,-2379.52,-852.52
"79","M4",15,"zona costera","21",700,23.038,117.827,94.789,0,0,0,20,12,24,18,25,0,0,1598.228,2259.114,1598.228,2259.114,12,-966.248058441312,631.979941558688,-1150.56052046713,447.66747953287,-1364.91198697332,233.316013026679,-966.248058441312,1292.86594155869,-1150.56052046713,1108.55347953287,-1364.91198697332,894.202013026679
"84","M4",25,"zona costera","21",0,625.28,709.408,84.128,0,10.56,0,20,12,24,18,25,7491.34848,7491.34848,13515.136,16521.024,6023.78752,9029.67552,10,770.380022308653,6794.16754230865,601.627658243924,6625.41517824392,345.364694862676,6369.15221486267,1575.99636856131,10605.6718885613,1489.80317852314,10519.4786985231,1323.63741934522,10353.3129393452
"68","M4",1,"zona costera","26",1250,0,0,0,2200,0,0,0,0,0,0,25,0,2200,0,0,-2200,-2200,0,0,-2200,0,-2200,0,-2200,0,-2200,0,-2200,0,-2200
"99","M4",3,"zona costera","26",1250,0,0,0,0,0,1527,0,0,0,0,25,0,0,1527,1527,1527,1527,2,-2288.88,-761.88,-2333.98,-806.98,-2379.52,-852.52,-2288.88,-761.88,-2333.98,-806.98,-2379.52,-852.52
"78","M4",15,"zona costera","26",700,126.548,231.007,104.459,0,0,0,20,12,24,18,25,0,0,3784.468,4917.414,3784.468,4917.414,12,-966.248058441312,2818.21994155869,-1150.56052046713,2633.90747953287,-1364.91198697332,2419.55601302668,-966.248058441312,3951.16594155869,-1150.56052046713,3766.85347953287,-1364.91198697332,3552.50201302668
"87","M4",25,"zona costera","26",0,981.459,1063.993,82.534,0,10.56,0,20,12,24,18,25,11235.76608,11235.76608,20619.588,25040.628,9383.82192,13804.86192,10,3435.39438307799,12819.216303078,3539.75140342122,12923.5733234212,3581.53396032256,12965.3558803226,4816.44923523337,18621.3111552334,5062.33608973362,18867.1980097336,5258.57080194366,19063.4327219437
"69","M4",1,"zona interior","7",1250,0,0,0,2200,0,0,0,0,0,0,25,0,2200,0,0,-2200,-2200,0,0,-2200,0,-2200,0,-2200,0,-2200,0,-2200,0,-2200
"95","M4",3,"zona interior","7",1250,0,0,0,0,0,1527,0,0,0,0,25,0,0,1527,1527,1527,1527,2,-2288.88,-761.88,-2333.98,-806.98,-2379.52,-852.52,-2288.88,-761.88,-2333.98,-806.98,-2379.52,-852.52
"74","M4",15,"zona interior","7",700,0,1.852,1.852,0,0,0,20,12,24,18,25,0,0,22.224,33.336,22.224,33.336,12,-966.248058441312,-944.024058441312,-1150.56052046713,-1128.33652046713,-1364.91198697332,-1342.68798697332,-966.248058441312,-932.912058441312,-1150.56052046713,-1117.22452046713,-1364.91198697332,-1331.57598697332
"88","M4",25,"zona interior","7",0,14.455,69.71,55.255,0,10.56,0,20,12,24,18,25,736.1376,736.1376,952.16,1341.51,216.0224,605.3724,10,-1150.76005958076,-934.737659580764,-1516.38993126793,-1300.36753126793,-1987.50621914577,-1771.48381914577,-1137.21459358578,-531.842193585783,-1501.45633246066,-896.083932460658,-1971.05774465176,-1365.68534465176
"61","M4",1,"zona interior","11",1250,0,0,0,2200,0,0,0,0,0,0,25,0,2200,0,0,-2200,-2200,0,0,-2200,0,-2200,0,-2200,0,-2200,0,-2200,0,-2200
"91","M4",3,"zona interior","11",1250,0,0,0,0,0,1527,0,0,0,0,25,0,0,1527,1527,1527,1527,2,-2288.88,-761.88,-2333.98,-806.98,-2379.52,-852.52,-2288.88,-761.88,-2333.98,-806.98,-2379.52,-852.52
"75","M4",15,"zona interior","11",700,0,13.87,13.87,0,0,0,20,12,24,18,25,0,0,166.44,249.66,166.44,249.66,12,-966.248058441312,-799.808058441312,-1150.56052046713,-984.12052046713,-1364.91198697332,-1198.47198697332,-966.248058441312,-716.588058441312,-1150.56052046713,-900.90052046713,-1364.91198697332,-1115.25198697332
"89","M4",25,"zona interior","11",0,112.804,193.837,81.033,0,10.56,0,20,12,24,18,25,2046.91872,2046.91872,3228.476,4165.89,1181.55728,2118.97128,10,-974.9615603068,206.595719693199,-1322.57568670444,-141.018406704439,-1774.03130935199,-592.47402935199,-873.516844674837,1245.45443532516,-1210.73496561542,908.23631438458,-1650.84537996109,468.125900038915
"64","M4",1,"zona interior","16",1250,0,0,0,2200,0,0,0,0,0,0,25,0,2200,0,0,-2200,-2200,0,0,-2200,0,-2200,0,-2200,0,-2200,0,-2200,0,-2200
"92","M4",3,"zona interior","16",1250,0,0,0,0,0,1527,0,0,0,0,25,0,0,1527,1527,1527,1527,2,-2288.88,-761.88,-2333.98,-806.98,-2379.52,-852.52,-2288.88,-761.88,-2333.98,-806.98,-2379.52,-852.52
"73","M4",15,"zona interior","16",700,0,52.004,52.004,0,0,0,20,12,24,18,25,0,0,624.048,936.072,624.048,936.072,12,-966.248058441312,-342.200058441312,-1150.56052046713,-526.51252046713,-1364.91198697332,-740.863986973321,-966.248058441312,-30.1760584413123,-1150.56052046713,-214.48852046713,-1364.91198697332,-428.839986973321
"83","M4",25,"zona interior","16",0,321.092,412.587,91.495,0,10.56,0,20,12,24,18,25,4356.91872,4356.91872,7519.78,9353.118,3162.86128,4996.19928,10,-417.13996176184,2745.72131823816,-707.588800185533,2455.27247981447,-1096.65968261908,2066.20159738092,-36.7844468573954,4959.4148331426,-288.254635837063,4707.94464416294,-634.787939861715,4361.41134013829
"67","M4",1,"zona interior","21",1250,0,0,0,2200,0,0,0,0,0,0,25,0,2200,0,0,-2200,-2200,0,0,-2200,0,-2200,0,-2200,0,-2200,0,-2200,0,-2200
"93","M4",3,"zona interior","21",1250,0,0,0,0,0,1527,0,0,0,0,25,0,0,1527,1527,1527,1527,2,-2288.88,-761.88,-2333.98,-806.98,-2379.52,-852.52,-2288.88,-761.88,-2333.98,-806.98,-2379.52,-852.52
"72","M4",15,"zona interior","21",700,18.469,108.939,90.47,0,0,0,20,12,24,18,25,0,0,1455.02,2071.716,1455.02,2071.716,12,-966.248058441312,488.771941558688,-1150.56052046713,304.45947953287,-1364.91198697332,90.1080130266794,-966.248058441312,1105.46794155869,-1150.56052046713,921.15547953287,-1364.91198697332,706.804013026679
"86","M4",25,"zona interior","21",0,659.475,748.665,89.1899999999999,0,10.56,0,20,12,24,18,25,7905.9024,7905.9024,14259.78,17432.82,6353.8776,9526.9176,10,595.810269410044,6949.68786941004,409.168081390811,6763.04568139081,133.38187130809,6487.25947130809,1347.55925224313,10874.4768522431,1237.95593686681,10764.8735368668,1046.24260084009,10573.1602008401
"70","M4",1,"zona interior","26",1250,0,0,0,2200,0,0,0,0,0,0,25,0,2200,0,0,-2200,-2200,0,0,-2200,0,-2200,0,-2200,0,-2200,0,-2200,0,-2200
"94","M4",3,"zona interior","26",1250,0,0,0,0,0,1527,0,0,0,0,25,0,0,1527,1527,1527,1527,2,-2288.88,-761.88,-2333.98,-806.98,-2379.52,-852.52,-2288.88,-761.88,-2333.98,-806.98,-2379.52,-852.52
"71","M4",15,"zona interior","26",700,106.219,210.575,104.356,0,0,0,20,12,24,18,25,0,0,3376.652,4427.664,3376.652,4427.664,12,-966.248058441312,2410.40394155869,-1150.56052046713,2226.09147953287,-1364.91198697332,2011.74001302668,-966.248058441312,3461.41594155869,-1150.56052046713,3277.10347953287,-1364.91198697332,3062.75201302668
"85","M4",25,"zona interior","26",0,1064.305,1152.861,88.556,0,10.56,0,20,12,24,18,25,12174.21216,12174.21216,22348.772,27137.328,10174.55984,14963.11584,10,2938.26895469341,13112.8287946934,2991.68080126261,13166.2406412626,2977.8666570243,13152.4264970243,4219.44671804094,19182.5625580409,4404.15304294984,19367.2688829498,4533.6211634049,19496.7370034049
"106","M8",1,"zona costera","7",1250,0,0,0,2200,0,0,0,0,0,0,35,0,2200,0,0,-2200,-2200,0,0,-2200,0,-2200,0,-2200,0,-2200,0,-2200,0,-2200
"120","M8",3,"zona costera","7",1250,0,0,0,0,0,1527,0,0,0,0,35,0,0,1527,1527,1527,1527,2,-2288.88,-761.88,-2333.98,-806.98,-2379.52,-852.52,-2288.88,-761.88,-2333.98,-806.98,-2379.52,-852.52
"130","M8",35,"zona costera","7",0,48.673,175.296,126.623,0,10.56,0,19.8,12,25.2,18,35,1851.12576,1851.12576,2483.2014,3505.7736,632.07564,1654.64784,32,-1435.79378631001,-803.718146310009,-2078.04028218277,-1445.96464218277,-2990.69024286097,-2358.61460286097,-1435.79378631001,218.854053689991,-2078.04028218277,-423.392442182772,-2990.69024286097,-1336.04240286097
"109","M8",1,"zona costera","11",1250,0,0,0,2200,0,0,0,0,0,0,35,0,2200,0,0,-2200,-2200,0,0,-2200,0,-2200,0,-2200,0,-2200,0,-2200,0,-2200
"116","M8",3,"zona costera","11",1250,0,0,0,0,0,1527,0,0,0,0,35,0,0,1527,1527,1527,1527,2,-2288.88,-761.88,-2333.98,-806.98,-2379.52,-852.52,-2288.88,-761.88,-2333.98,-806.98,-2379.52,-852.52
"123","M8",35,"zona costera","11",0,231.943,410.445,178.502,0,10.56,0,19.8,12,25.2,18,35,4334.2992,4334.2992,6734.4954,9057.9996,2400.1962,4723.7004,32,-1435.79378631001,964.40241368999,-2078.04028218277,322.155917817227,-2990.69024286097,-590.494042860974,-1435.79378631001,3287.90661368999,-2078.04028218277,2645.66011781723,-2990.69024286097,1733.01015713903
"110","M8",1,"zona costera","16",1250,0,0,0,2200,0,0,0,0,0,0,35,0,2200,0,0,-2200,-2200,0,0,-2200,0,-2200,0,-2200,0,-2200,0,-2200,0,-2200
"117","M8",3,"zona costera","16",1250,0,0,0,0,0,1527,0,0,0,0,35,0,0,1527,1527,1527,1527,2,-2288.88,-761.88,-2333.98,-806.98,-2379.52,-852.52,-2288.88,-761.88,-2333.98,-806.98,-2379.52,-852.52
"124","M8",35,"zona costera","16",0,596.539,793.719,197.18,0,10.56,0,19.8,12,25.2,18,35,8381.67264,8381.67264,14177.6322,18582.0228,5795.95956,10200.35016,32,-1435.79378631001,4360.16577368999,-2078.04028218277,3717.91927781723,-2990.69024286097,2805.26931713903,-1435.79378631001,8764.55637368999,-2078.04028218277,8122.30987781723,-2990.69024286097,7209.65991713903
"102","M8",1,"zona costera","21",1250,0,0,0,2200,0,0,0,0,0,0,35,0,2200,0,0,-2200,-2200,0,0,-2200,0,-2200,0,-2200,0,-2200,0,-2200,0,-2200
"118","M8",3,"zona costera","21",1250,0,0,0,0,0,1527,0,0,0,0,35,0,0,1527,1527,1527,1527,2,-2288.88,-761.88,-2333.98,-806.98,-2379.52,-852.52,-2288.88,-761.88,-2333.98,-806.98,-2379.52,-852.52
"126","M8",35,"zona costera","21",0,1058.607,1256.041,197.434,0,10.56,0,19.8,12,25.2,18,35,13263.79296,13263.79296,23329.6266,30230.7084,10065.83364,16966.91544,32,-1435.79378631001,8630.03985368999,-2078.04028218277,7987.79335781723,-2990.69024286097,7075.14339713903,-1435.79378631001,15531.12165369,-2078.04028218277,14888.8751578172,-2990.69024286097,13976.225197139
"104","M8",1,"zona costera","26",1250,0,0,0,2200,0,0,0,0,0,0,35,0,2200,0,0,-2200,-2200,0,0,-2200,0,-2200,0,-2200,0,-2200,0,-2200,0,-2200
"119","M8",3,"zona costera","26",1250,0,0,0,0,0,1527,0,0,0,0,35,0,0,1527,1527,1527,1527,2,-2288.88,-761.88,-2333.98,-806.98,-2379.52,-852.52,-2288.88,-761.88,-2333.98,-806.98,-2379.52,-852.52
"128","M8",35,"zona costera","26",0,1591.183,1783.542,192.359,0,10.56,0,19.8,12,25.2,18,35,18834.20352,18834.20352,33813.7314,43560.2736,14979.52788,24726.07008,32,-1435.79378631001,13543.73409369,-2078.04028218277,12901.4875978172,-2990.69024286097,11988.837637139,-1435.79378631001,23290.27629369,-2078.04028218277,22648.0297978172,-2990.69024286097,21735.379837139
"108","M8",1,"zona interior","7",1250,0,0,0,2200,0,0,0,0,0,0,35,0,2200,0,0,-2200,-2200,0,0,-2200,0,-2200,0,-2200,0,-2200,0,-2200,0,-2200
"115","M8",3,"zona interior","7",1250,0,0,0,0,0,1527,0,0,0,0,35,0,0,1527,1527,1527,1527,2,-2288.88,-761.88,-2333.98,-806.98,-2379.52,-852.52,-2288.88,-761.88,-2333.98,-806.98,-2379.52,-852.52
"122","M8",35,"zona interior","7",0,52.177,176.658,124.481,0,10.56,0,19.8,12,25.2,18,35,1865.50848,1865.50848,2526.8766,3555.5184,661.36812,1690.00992,32,-1435.79378631001,-774.425666310009,-2078.04028218277,-1416.67216218277,-2990.69024286097,-2329.32212286097,-1435.79378631001,254.216133689991,-2078.04028218277,-388.030362182772,-2990.69024286097,-1300.68032286097
"101","M8",1,"zona interior","11",1250,0,0,0,2200,0,0,0,0,0,0,35,0,2200,0,0,-2200,-2200,0,0,-2200,0,-2200,0,-2200,0,-2200,0,-2200,0,-2200
"111","M8",3,"zona interior","11",1250,0,0,0,0,0,1527,0,0,0,0,35,0,0,1527,1527,1527,1527,2,-2288.88,-761.88,-2333.98,-806.98,-2379.52,-852.52,-2288.88,-761.88,-2333.98,-806.98,-2379.52,-852.52
"125","M8",35,"zona interior","11",0,253.771,431.877,178.106,0,10.56,0,19.8,12,25.2,18,35,4560.62112,4560.62112,7161.9378,9600.9372,2601.31668,5040.31608,32,-1435.79378631001,1165.52289368999,-2078.04028218277,523.276397817227,-2990.69024286097,-389.373562860974,-1435.79378631001,3604.52229368999,-2078.04028218277,2962.27579781723,-2990.69024286097,2049.62583713903
"103","M8",1,"zona interior","16",1250,0,0,0,2200,0,0,0,0,0,0,35,0,2200,0,0,-2200,-2200,0,0,-2200,0,-2200,0,-2200,0,-2200,0,-2200,0,-2200
"112","M8",3,"zona interior","16",1250,0,0,0,0,0,1527,0,0,0,0,35,0,0,1527,1527,1527,1527,2,-2288.88,-761.88,-2333.98,-806.98,-2379.52,-852.52,-2288.88,-761.88,-2333.98,-806.98,-2379.52,-852.52
"127","M8",35,"zona interior","16",0,679.527,881.461,201.934,0,10.56,0,19.8,12,25.2,18,35,9308.22816,9308.22816,15877.8426,20758.8924,6569.61444,11450.66424,32,-1435.79378631001,5133.82065368999,-2078.04028218277,4491.57415781723,-2990.69024286097,3578.92419713903,-1435.79378631001,10014.87045369,-2078.04028218277,9372.62395781723,-2990.69024286097,8459.97399713903
"105","M8",1,"zona interior","21",1250,0,0,0,2200,0,0,0,0,0,0,35,0,2200,0,0,-2200,-2200,0,0,-2200,0,-2200,0,-2200,0,-2200,0,-2200,0,-2200
"113","M8",3,"zona interior","21",1250,0,0,0,0,0,1527,0,0,0,0,35,0,0,1527,1527,1527,1527,2,-2288.88,-761.88,-2333.98,-806.98,-2379.52,-852.52,-2288.88,-761.88,-2333.98,-806.98,-2379.52,-852.52
"129","M8",35,"zona interior","21",0,1250.335,1458.085,207.75,0,10.56,0,19.8,12,25.2,18,35,15397.3776,15397.3776,27249.633,35247.942,11852.2554,19850.5644,32,-1435.79378631001,10416.46161369,-2078.04028218277,9774.21511781723,-2990.69024286097,8861.56515713903,-1435.79378631001,18414.77061369,-2078.04028218277,17772.5241178172,-2990.69024286097,16859.874157139
"107","M8",1,"zona interior","26",1250,0,0,0,2200,0,0,0,0,0,0,35,0,2200,0,0,-2200,-2200,0,0,-2200,0,-2200,0,-2200,0,-2200,0,-2200,0,-2200
"114","M8",3,"zona interior","26",1250,0,0,0,0,0,1527,0,0,0,0,35,0,0,1527,1527,1527,1527,2,-2288.88,-761.88,-2333.98,-806.98,-2379.52,-852.52,-2288.88,-761.88,-2333.98,-806.98,-2379.52,-852.52
"121","M8",35,"zona interior","26",0,1947.04,2156.127,209.087,0,10.56,0,19.8,12,25.2,18,35,22768.70112,22768.70112,41060.436,52828.974,18291.73488,30060.27288,32,-1435.79378631001,16855.94109369,-2078.04028218277,16213.6945978172,-2990.69024286097,15301.044637139,-1435.79378631001,28624.47909369,-2078.04028218277,27982.2325978172,-2990.69024286097,27069.582637139
"138","MG2",1,"zona costera","7",1250,0,0,0,2200,0,0,0,0,0,0,35,0,2200,0,0,-2200,-2200,0,0,-2200,0,-2200,0,-2200,0,-2200,0,-2200,0,-2200
"170","MG2",3,"zona costera","7",1250,0,0,0,0,0,1527,0,0,0,0,35,0,0,1527,1527,1527,1527,2,-2288.88,-761.88,-2333.98,-806.98,-2379.52,-852.52,-2288.88,-761.88,-2333.98,-806.98,-2379.52,-852.52
"149","MG2",17,"zona costera","7",1000,0,0.902,0.902,0,10.56,0,20,12,24,18,35,9.52512,9.52512,10.824,16.236,1.29888,6.71088,14,-1005.28448000234,-1003.98560000234,-1220.62965616358,-1219.33077616358,-1476.28880511034,-1474.98992511034,-1005.28448000234,-998.573600002341,-1220.62965616358,-1213.91877616358,-1476.28880511034,-1469.57792511034
"160","MG2",25,"zona costera","7",450,0,30.254,30.254,0,10.56,0,30.24,12,39.92,18,35,319.48224,319.48224,363.048,544.572,43.56576,225.08976,8,-1176.32914663393,-1132.76338663393,-1544.61174655916,-1501.04598655916,-2018.62556116561,-1975.05980116561,-1169.98812606395,-944.898366063947,-1537.75598687869,-1312.66622687869,-2011.21886546482,-1786.12910546482
"180","MG2",35,"zona costera","7",0,65.614,109.042,43.428,0,10.56,0,53.02,12,68.53,18,35,1151.48352,1151.48352,3999.99028,5278.23142,2848.50676,4126.7479,10,-1380.83224748113,1467.67451251887,-2017.28028748561,831.226472514386,-2923.57098304735,-75.0642230473536,-1151.82583569412,2974.92206430588,-1764.11364291412,2362.63425708588,-2643.90740049061,1482.84049950939
"136","MG2",1,"zona costera","11",1250,0,0,0,2200,0,0,0,0,0,0,35,0,2200,0,0,-2200,-2200,0,0,-2200,0,-2200,0,-2200,0,-2200,0,-2200,0,-2200
"166","MG2",3,"zona costera","11",1250,0,0,0,0,0,1527,0,0,0,0,35,0,0,1527,1527,1527,1527,2,-2288.88,-761.88,-2333.98,-806.98,-2379.52,-852.52,-2288.88,-761.88,-2333.98,-806.98,-2379.52,-852.52
"148","MG2",17,"zona costera","11",1000,0,7.069,7.069,0,10.56,0,20,12,24,18,35,74.64864,74.64864,84.828,127.242,10.17936,52.59336,14,-1005.28448000234,-995.105120002341,-1220.62965616358,-1210.45029616358,-1476.28880511034,-1466.10944511034,-1005.28448000234,-952.691120002341,-1220.62965616358,-1168.03629616358,-1476.28880511034,-1423.69544511034
"155","MG2",25,"zona costera","11",450,11.995,80.814,68.819,0,10.56,0,30.24,12,39.92,18,35,853.39584,853.39584,1188.5568,1717.5824,335.16096,864.18656,8,-1165.92424893413,-830.763288934129,-1533.3622201868,-1198.2012601868,-2006.47201108487,-1671.31105108487,-1116.2294879483,-252.042927948299,-1479.63343395483,-615.446873954826,-1948.42552338098,-1084.23896338098
"178","MG2",35,"zona costera","11",0,215.021,261.294,46.273,0,10.56,0,53.02,12,68.53,18,35,2759.26464,2759.26464,11955.68942,15568.30313,9196.42478,12809.03849,10,-1012.6958135472,8183.72896645281,-1610.28229931581,7586.14248068419,-2473.94863168924,6722.47614831076,-307.238922768117,12501.7995672319,-827.109134524028,11981.929355476,-1604.93852903048,11204.0999609695
"139","MG2",1,"zona costera","16",1250,0,0,0,2200,0,0,0,0,0,0,35,0,2200,0,0,-2200,-2200,0,0,-2200,0,-2200,0,-2200,0,-2200,0,-2200,0,-2200
"167","MG2",3,"zona costera","16",1250,0,0,0,0,0,1527,0,0,0,0,35,0,0,1527,1527,1527,1527,2,-2288.88,-761.88,-2333.98,-806.98,-2379.52,-852.52,-2288.88,-761.88,-2333.98,-806.98,-2379.52,-852.52
"150","MG2",17,"zona costera","16",1000,0,25.517,25.517,0,10.56,0,20,12,24,18,35,269.45952,269.45952,306.204,459.306,36.74448,189.84648,14,-1005.28448000234,-968.540000002341,-1220.62965616358,-1183.88517616358,-1476.28880511034,-1439.54432511034,-1005.28448000234,-815.438000002341,-1220.62965616358,-1030.78317616358,-1476.28880511034,-1286.44232511034
"157","MG2",25,"zona costera","16",450,90.188,179.893,89.705,0,10.56,0,30.24,12,39.92,18,35,1899.67008,1899.67008,3803.74512,5214.99496,1904.07504,3315.32488,8,-1134.79897687868,769.276063121323,-1499.71032096233,404.364719037672,-1970.11581003256,-66.0407700325632,-955.415582328469,2359.90929767153,-1305.76528796172,2009.55959203828,-1760.58515127742,1554.73972872258
"171","MG2",35,"zona costera","16",0,436.698,483.235,46.537,0,10.56,0,53.02,12,68.53,18,35,5102.9616,5102.9616,23712.17196,30764.57994,18609.21036,25661.61834,10,937.743228380427,19546.9535883804,543.432369143612,19152.6427291436,-97.7564724123083,18511.4538875877,2876.71626555534,28538.3346055553,2700.68005100833,28362.2983910083,2301.3945979771,27963.0129379771
"132","MG2",1,"zona costera","21",1250,0,0,0,2200,0,0,0,0,0,0,35,0,2200,0,0,-2200,-2200,0,0,-2200,0,-2200,0,-2200,0,-2200,0,-2200,0,-2200
"168","MG2",3,"zona costera","21",1250,0,0,0,0,0,1527,0,0,0,0,35,0,0,1527,1527,1527,1527,2,-2288.88,-761.88,-2333.98,-806.98,-2379.52,-852.52,-2288.88,-761.88,-2333.98,-806.98,-2379.52,-852.52
"145","MG2",17,"zona costera","21",1000,7.705,51.53,43.825,0,10.56,0,20,12,24,18,35,544.1568,544.1568,680,973.77,135.8432,429.6132,14,-1005.28448000234,-869.441280002341,-1220.62965616358,-1084.78645616358,-1476.28880511034,-1340.44560511034,-1005.28448000234,-575.671280002341,-1220.62965616358,-791.016456163578,-1476.28880511034,-1046.67560511034
"158","MG2",25,"zona costera","21",450,215.99,312.127,96.137,0,10.56,0,30.24,12,39.92,18,35,3296.06112,3296.06112,7685.1816,10352.7868,4389.12048,7056.72568,8,-1018.68903194536,3370.43144805464,-1374.17502736252,3014.94545263748,-1834.49236890579,2554.62811109422,-674.490655588325,6382.23502441168,-1002.03598055328,6054.68969944672,-1432.44783896823,5624.27784103177
"174","MG2",35,"zona costera","21",0,730.716,775.584,44.8679999999999,0,10.56,0,53.02,12,68.53,18,35,8190.16704,8190.16704,39280.97832,50883.59148,31090.81128,42693.42444,10,4108.53712815346,35199.3484081535,4051.83457662859,35142.6458566286,3781.47366153896,34872.284941539,7779.90888185294,50473.3333218529,8136.99665893259,50830.4210989326,8325.30513098017,51018.7295709802
"135","MG2",1,"zona costera","26",1250,0,0,0,2200,0,0,0,0,0,0,35,0,2200,0,0,-2200,-2200,0,0,-2200,0,-2200,0,-2200,0,-2200,0,-2200,0,-2200
"169","MG2",3,"zona costera","26",1250,0,0,0,0,0,1527,0,0,0,0,35,0,0,1527,1527,1527,1527,2,-2288.88,-761.88,-2333.98,-806.98,-2379.52,-852.52,-2288.88,-761.88,-2333.98,-806.98,-2379.52,-852.52
"147","MG2",17,"zona costera","26",1000,36.405,90.373,53.968,0,10.56,0,20,12,24,18,35,954.33888,954.33888,1375.716,1845.144,421.37712,890.80512,14,-1005.28448000234,-583.907360002342,-1220.62965616358,-799.252536163578,-1476.28880511034,-1054.91168511034,-1005.28448000234,-114.479360002341,-1220.62965616358,-329.824536163578,-1476.28880511034,-585.483685110343
"159","MG2",25,"zona costera","26",450,397.742,491.689,93.947,0,10.56,0,30.24,12,39.92,18,35,5192.23584,5192.23584,13155.08208,17568.90664,7962.84624,12376.6708,8,-684.140535983011,7278.70570401699,-1012.4692002852,6950.3770397148,-1443.71948315289,6519.12675684711,-134.130816077879,12242.5399839221,-417.811854519569,11958.8589454804,-801.274850959243,11575.3959490408
"177","MG2",35,"zona costera","26",0,1037.528,1081.889,44.3609999999999,0,10.56,0,53.02,12,68.53,18,35,11424.74784,11424.74784,55542.06656,71900.29184,44117.31872,60475.544,10,8872.70163798072,52990.0203579807,9340.72554629004,53458.04426629,9649.9001244812,53767.2188444812,14923.5879269638,75399.1319269637,16071.7064150971,76547.2504150971,17134.4136992345,77609.9576992345
"133","MG2",1,"zona interior","7",1250,0,0,0,2200,0,0,0,0,0,0,35,0,2200,0,0,-2200,-2200,0,0,-2200,0,-2200,0,-2200,0,-2200,0,-2200,0,-2200
"165","MG2",3,"zona interior","7",1250,0,0,0,0,0,1527,0,0,0,0,35,0,0,1527,1527,1527,1527,2,-2288.88,-761.88,-2333.98,-806.98,-2379.52,-852.52,-2288.88,-761.88,-2333.98,-806.98,-2379.52,-852.52
"146","MG2",17,"zona interior","7",1000,0,0.868,0.868,0,10.56,0,20,12,24,18,35,9.16608,9.16608,10.416,15.624,1.24992,6.45792,14,-1005.28448000234,-1004.03456000234,-1220.62965616358,-1219.37973616358,-1476.28880511034,-1475.03888511034,-1005.28448000234,-998.826560002341,-1220.62965616358,-1214.17173616358,-1476.28880511034,-1469.83088511034
"153","MG2",25,"zona interior","7",450,0,28.785,28.785,0,10.56,0,30.24,12,39.92,18,35,303.9696,303.9696,345.42,518.13,41.4504,214.1604,8,-1176.38651107723,-1134.93611107723,-1544.67376762235,-1503.22336762235,-2018.69256630632,-1977.24216630632,-1170.28450902097,-956.124109020966,-1538.07642903848,-1323.91602903848,-2011.56505869181,-1797.40465869181
"175","MG2",35,"zona interior","7",0,67.455,109.484,42.029,0,10.56,0,53.02,12,68.53,18,35,1156.15104,1156.15104,4080.8121,5379.21315,2924.66106,4223.06211,10,-1383.48078645369,1541.18027354631,-2020.2065055605,904.454554439498,-2926.80141657449,-2.14035657449131,-1165.50995371902,3057.55215628098,-1779.23243630104,2443.82967369896,-2660.59797371415,1562.46413628585
"131","MG2",1,"zona interior","11",1250,0,0,0,2200,0,0,0,0,0,0,35,0,2200,0,0,-2200,-2200,0,0,-2200,0,-2200,0,-2200,0,-2200,0,-2200,0,-2200
"161","MG2",3,"zona interior","11",1250,0,0,0,0,0,1527,0,0,0,0,35,0,0,1527,1527,1527,1527,2,-2288.88,-761.88,-2333.98,-806.98,-2379.52,-852.52,-2288.88,-761.88,-2333.98,-806.98,-2379.52,-852.52
"141","MG2",17,"zona interior","11",1000,0,6.488,6.488,0,10.56,0,20,12,24,18,35,68.51328,68.51328,77.856,116.784,9.34272,48.27072,14,-1005.28448000234,-995.941760002341,-1220.62965616358,-1211.28693616358,-1476.28880511034,-1466.94608511034,-1005.28448000234,-957.013760002341,-1220.62965616358,-1172.35893616358,-1476.28880511034,-1428.01808511034
"152","MG2",25,"zona interior","11",450,12.019,81.37,69.351,0,10.56,0,30.24,12,39.92,18,35,859.2672,859.2672,1195.66656,1728.11648,336.39936,868.84928,8,-1166.90450603865,-830.50514603865,-1534.42205070769,-1198.02269070769,-2007.6170106952,-1671.2176506952,-1121.29414965499,-252.444869654994,-1485.10922497944,-616.259944979435,-1954.34135470102,-1085.49207470102
"173","MG2",35,"zona interior","11",0,230.557,276.294,45.737,0,10.56,0,53.02,12,68.53,18,35,2917.66464,2917.66464,12772.97614,16623.33721,9855.3115,13705.67257,10,-1012.38113879805,8842.93036120195,-1610.04231686798,8245.26918313202,-2473.81037629623,7381.50112370377,-307.728887465742,13397.9436825343,-828.201833991571,12877.4707360084,-1606.79343990034,12098.8791300997
"134","MG2",1,"zona interior","16",1250,0,0,0,2200,0,0,0,0,0,0,35,0,2200,0,0,-2200,-2200,0,0,-2200,0,-2200,0,-2200,0,-2200,0,-2200,0,-2200
"162","MG2",3,"zona interior","16",1250,0,0,0,0,0,1527,0,0,0,0,35,0,0,1527,1527,1527,1527,2,-2288.88,-761.88,-2333.98,-806.98,-2379.52,-852.52,-2288.88,-761.88,-2333.98,-806.98,-2379.52,-852.52
"142","MG2",17,"zona interior","16",1000,0,23.634,23.634,0,10.56,0,20,12,24,18,35,249.57504,249.57504,283.608,425.412,34.03296,175.83696,14,-1005.28448000234,-971.251520002341,-1220.62965616358,-1186.59669616358,-1476.28880511034,-1442.25584511034,-1005.28448000234,-829.447520002341,-1220.62965616358,-1044.79269616358,-1476.28880511034,-1300.45184511034
"154","MG2",25,"zona interior","16",450,94.854,188.183,93.329,0,10.56,0,30.24,12,39.92,18,35,1987.21248,1987.21248,3988.33296,5466.49368,2001.12048,3479.2812,8,-1137.97595472345,863.144525276547,-1503.14519337341,497.975286626588,-1973.82671238412,27.2937676158817,-971.829967859808,2507.45123214019,-1323.51212875232,2155.76907124768,-1779.75814676045,1699.52305323955
"176","MG2",35,"zona interior","16",0,490.49,538.21,47.72,0,10.56,0,53.02,12,68.53,18,35,5683.4976,5683.4976,26578.4198,34472.2397,20894.9222,28788.7421,10,1052.16835996113,21947.0905599611,669.237144206055,21564.1593442061,40.4014435272983,20935.3236435273,3056.56906038787,31845.3111603879,2897.17336493322,31685.9154649332,2515.70928664482,31304.4513866448
"137","MG2",1,"zona interior","21",1250,0,0,0,2200,0,0,0,0,0,0,35,0,2200,0,0,-2200,-2200,0,0,-2200,0,-2200,0,-2200,0,-2200,0,-2200,0,-2200
"163","MG2",3,"zona interior","21",1250,0,0,0,0,0,1527,0,0,0,0,35,0,0,1527,1527,1527,1527,2,-2288.88,-761.88,-2333.98,-806.98,-2379.52,-852.52,-2288.88,-761.88,-2333.98,-806.98,-2379.52,-852.52
"143","MG2",17,"zona interior","21",1000,6.237,48.882,42.645,0,10.56,0,20,12,24,18,35,516.19392,516.19392,636.48,917.298,120.28608,401.10408,14,-1005.28448000234,-884.998400002341,-1220.62965616358,-1100.34357616358,-1476.28880511034,-1356.00272511034,-1005.28448000234,-604.180400002341,-1220.62965616358,-819.525576163578,-1476.28880511034,-1075.18472511034
"156","MG2",25,"zona interior","21",450,234.188,336.059,101.871,0,10.56,0,30.24,12,39.92,18,35,3548.78304,3548.78304,8304.29712,11182.46296,4755.51408,7633.67992,8,-1036.91667753474,3718.59740246526,-1393.88232153108,3361.63175846892,-1855.78336185123,2899.73071814877,-707.893633480445,6925.78628651956,-1038.15048081597,6595.52943918403,-1471.46453825452,6162.21538174548
"179","MG2",35,"zona interior","21",0,855.368,902.647,47.279,0,10.56,0,53.02,12,68.53,18,35,9531.95232,9531.95232,45918.95936,59469.39104,36387.00704,49937.43872,10,4532.94948381215,40919.9565238122,4517.75198152977,40904.7590215298,4292.30982334189,40679.3168633419,8442.49483734355,58379.9335573435,8863.84004376577,58801.2787637658,9121.58410126466,59059.0228212647
"140","MG2",1,"zona interior","26",1250,0,0,0,2200,0,0,0,0,0,0,35,0,2200,0,0,-2200,-2200,0,0,-2200,0,-2200,0,-2200,0,-2200,0,-2200,0,-2200
"164","MG2",3,"zona interior","26",1250,0,0,0,0,0,1527,0,0,0,0,35,0,0,1527,1527,1527,1527,2,-2288.88,-761.88,-2333.98,-806.98,-2379.52,-852.52,-2288.88,-761.88,-2333.98,-806.98,-2379.52,-852.52
"144","MG2",17,"zona interior","26",1000,26.863,82.701,55.838,0,10.56,0,20,12,24,18,35,873.32256,873.32256,1207.316,1649.796,333.99344,776.47344,14,-1005.28448000234,-671.291040002341,-1220.62965616358,-886.636216163578,-1476.28880511034,-1142.29536511034,-1005.28448000234,-228.811040002341,-1220.62965616358,-444.156216163578,-1476.28880511034,-699.815365110344
"151","MG2",25,"zona interior","26",450,445.921,547.05,101.129,0,10.56,0,30.24,12,39.92,18,35,5776.848,5776.848,14698.19904,19621.48832,8921.35104,13844.64032,8,-786.524444401511,8134.82659559849,-1123.16423171074,7798.18680828926,-1563.31008311141,7358.04095688859,-268.088601495628,13576.5517185044,-562.643806098352,13281.9965139016,-957.745649688083,12886.8946703119
"172","MG2",35,"zona interior","26",0,1262.089,1310.595,48.5060000000001,0,10.56,0,53.02,12,68.53,18,35,13839.8832,13839.8832,67498.03078,87364.06717,53658.14758,73524.18397,10,9916.30822765951,63574.4558076595,10480.1109808452,64138.2585608452,10891.6980746294,64549.8456546294,16549.7407876271,90073.924757627,17849.892665424,91374.0766354239,19075.7521860739,92599.9361560739
"188","MG2rn",0,"zona costera","7",1250,0,0,0,0,0,0,0,0,0,0,35,0,0,0,0,0,0,0,0,0,0,0,0,0,0,0,0,0,0,0
"230","MG2rn",5,"zona costera","7",1250,0,0,0,837,0,0,0,0,0,0,35,0,837,0,0,-837,-837,5,0,-837,0,-837,0,-837,0,-837,0,-837,0,-837
"240","MG2rn",7,"zona costera","7",1250,0,0,0,0,0,850,0,0,0,0,35,0,0,850,850,850,850,2,-870.8148,-20.8148,-887.9733,-37.9733,-905.2992,-55.2992,-870.8148,-20.8148,-887.9733,-37.9733,-905.2992,-55.2992
"199","MG2rn",17,"zona costera","7",1000,0,0.902,0.902,0,10.56,0,20,12,24,18,35,9.52512,9.52512,10.824,16.236,1.29888,6.71088,10,-25.3731250533069,-24.0742450533069,-51.0329398477481,-49.7340598477481,-81.8563247605566,-80.5574447605566,-25.3731250533069,-18.6622450533069,-51.0329398477481,-44.3220598477482,-81.8563247605566,-75.1454447605566
"210","MG2rn",25,"zona costera","7",450,0,30.254,30.254,0,10.56,0,30.24,12,39.92,18,35,319.48224,319.48224,363.048,544.572,43.56576,225.08976,8,-28.2068150572544,15.3589449427456,-63.0016190410685,-19.4358590410686,-110.24842567903,-66.6826656790303,-21.8657944872701,203.22396551273,-56.1458593605987,168.943900639401,-102.841729978237,122.248030021763
"220","MG2rn",35,"zona costera","7",0,65.614,109.042,43.428,0,10.56,0,53.02,12,68.53,18,35,1151.48352,1151.48352,3999.99028,5278.23142,2848.50676,4126.7479,10,18.7224681822136,2867.22922818221,-26.1201693119156,2822.38659068808,-98.7066347745052,2749.80012522549,247.728879969225,4374.47677996922,227.046475259577,4353.79437525958,180.956947782241,4307.70484778224
"186","MG2rn",0,"zona costera","11",1250,0,0,0,0,0,0,0,0,0,0,35,0,0,0,0,0,0,0,0,0,0,0,0,0,0,0,0,0,0,0
"226","MG2rn",5,"zona costera","11",1250,0,0,0,837,0,0,0,0,0,0,35,0,837,0,0,-837,-837,5,0,-837,0,-837,0,-837,0,-837,0,-837,0,-837
"236","MG2rn",7,"zona costera","11",1250,0,0,0,0,0,850,0,0,0,0,35,0,0,850,850,850,850,2,-870.8148,-20.8148,-887.9733,-37.9733,-905.2992,-55.2992,-870.8148,-20.8148,-887.9733,-37.9733,-905.2992,-55.2992
"198","MG2rn",17,"zona costera","11",1000,0,7.069,7.069,0,10.56,0,20,12,24,18,35,74.64864,74.64864,84.828,127.242,10.17936,52.59336,10,-25.3731250533069,-15.1937650533069,-51.0329398477481,-40.8535798477481,-81.8563247605566,-71.6769647605566,-25.3731250533069,27.2202349466931,-51.0329398477481,1.56042015225186,-81.8563247605566,-29.2629647605566
"205","MG2rn",25,"zona costera","11",450,11.995,80.814,68.819,0,10.56,0,30.24,12,39.92,18,35,853.39584,853.39584,1188.5568,1717.5824,335.16096,864.18656,8,-17.8019173574514,317.359042642548,-51.7520926687074,283.408867331292,-98.0948755982872,237.066084401713,31.8928436283787,896.079403628378,1.97669356326696,866.163253563267,-40.0483878943979,824.138172105602
"218","MG2rn",35,"zona costera","11",0,215.021,261.294,46.273,0,10.56,0,53.02,12,68.53,18,35,2759.26464,2759.26464,11955.68942,15568.30313,9196.42478,12809.03849,10,386.858902116145,9583.28368211615,380.877818857889,9577.30259885789,350.915716583605,9547.34049658361,1092.31579289522,13901.3542828952,1164.05098364967,13973.0894736497,1219.92581924237,14028.9643092424
"189","MG2rn",0,"zona costera","16",1250,0,0,0,0,0,0,0,0,0,0,35,0,0,0,0,0,0,0,0,0,0,0,0,0,0,0,0,0,0,0
"227","MG2rn",5,"zona costera","16",1250,0,0,0,837,0,0,0,0,0,0,35,0,837,0,0,-837,-837,5,0,-837,0,-837,0,-837,0,-837,0,-837,0,-837
"237","MG2rn",7,"zona costera","16",1250,0,0,0,0,0,850,0,0,0,0,35,0,0,850,850,850,850,2,-870.8148,-20.8148,-887.9733,-37.9733,-905.2992,-55.2992,-870.8148,-20.8148,-887.9733,-37.9733,-905.2992,-55.2992
"200","MG2rn",17,"zona costera","16",1000,0,25.517,25.517,0,10.56,0,20,12,24,18,35,269.45952,269.45952,306.204,459.306,36.74448,189.84648,10,-25.3731250533069,11.3713549466931,-51.0329398477481,-14.2884598477481,-81.8563247605566,-45.1118447605566,-25.3731250533069,164.473354946693,-51.0329398477481,138.813540152252,-81.8563247605566,107.990155239443
"207","MG2rn",25,"zona costera","16",450,90.188,179.893,89.705,0,10.56,0,30.24,12,39.92,18,35,1899.67008,1899.67008,3803.74512,5214.99496,1904.07504,3315.32488,8,13.3233546979995,1917.398394698,-18.1001934442356,1885.97484655576,-61.738674545985,1842.33636545402,192.706749248208,3508.03162924821,175.844839556371,3491.16971955637,147.791984209163,3463.11686420916
"211","MG2rn",35,"zona costera","16",0,436.698,483.235,46.537,0,10.56,0,53.02,12,68.53,18,35,5102.9616,5102.9616,23712.17196,30764.57994,18609.21036,25661.61834,10,2337.29794404377,20946.5083040438,2534.59248731731,21143.8028473173,2727.10787586054,21336.3182358605,4276.27098121868,29937.8893212187,4691.84016918203,30353.458509182,5126.25894624995,30787.8772862499
"182","MG2rn",0,"zona costera","21",1250,0,0,0,0,0,0,0,0,0,0,35,0,0,0,0,0,0,0,0,0,0,0,0,0,0,0,0,0,0,0
"228","MG2rn",5,"zona costera","21",1250,0,0,0,837,0,0,0,0,0,0,35,0,837,0,0,-837,-837,5,0,-837,0,-837,0,-837,0,-837,0,-837,0,-837
"238","MG2rn",7,"zona costera","21",1250,0,0,0,0,0,850,0,0,0,0,35,0,0,850,850,850,850,2,-870.8148,-20.8148,-887.9733,-37.9733,-905.2992,-55.2992,-870.8148,-20.8148,-887.9733,-37.9733,-905.2992,-55.2992
"195","MG2rn",17,"zona costera","21",1000,7.705,51.53,43.825,0,10.56,0,20,12,24,18,35,544.1568,544.1568,680,973.77,135.8432,429.6132,10,-25.3731250533069,110.470074946693,-51.0329398477481,84.8102601522519,-81.8563247605566,53.9868752394434,-25.3731250533069,404.240074946693,-51.0329398477481,378.580260152252,-81.8563247605566,347.756875239443
"208","MG2rn",25,"zona costera","21",450,215.99,312.127,96.137,0,10.56,0,30.24,12,39.92,18,35,3296.06112,3296.06112,7685.1816,10352.7868,4389.12048,7056.72568,8,129.433299631316,4518.55377963132,107.435100155573,4496.55558015557,73.8847665807931,4463.00524658079,473.631675988352,7530.35735598835,479.574146964813,7536.29982696481,475.92929651835,7532.65497651835
"214","MG2rn",35,"zona costera","21",0,730.716,775.584,44.8679999999999,0,10.56,0,53.02,12,68.53,18,35,8190.16704,8190.16704,39280.97832,50883.59148,31090.81128,42693.42444,10,5508.0918438168,36598.9031238168,6042.99469480229,37133.8059748023,6606.33800981181,37697.1492898118,9179.46359751628,51872.8880375163,10128.1567771063,52821.5812171063,11150.169479253,53843.593919253
"185","MG2rn",0,"zona costera","26",1250,0,0,0,0,0,0,0,0,0,0,35,0,0,0,0,0,0,0,0,0,0,0,0,0,0,0,0,0,0,0
"229","MG2rn",5,"zona costera","26",1250,0,0,0,837,0,0,0,0,0,0,35,0,837,0,0,-837,-837,5,0,-837,0,-837,0,-837,0,-837,0,-837,0,-837
"239","MG2rn",7,"zona costera","26",1250,0,0,0,0,0,850,0,0,0,0,35,0,0,850,850,850,850,2,-870.8148,-20.8148,-887.9733,-37.9733,-905.2992,-55.2992,-870.8148,-20.8148,-887.9733,-37.9733,-905.2992,-55.2992
"197","MG2rn",17,"zona costera","26",1000,36.405,90.373,53.968,0,10.56,0,20,12,24,18,35,954.33888,954.33888,1375.716,1845.144,421.37712,890.80512,10,-25.3731250533069,396.003994946693,-51.0329398477481,370.344180152252,-81.8563247605566,339.520795239443,-25.3731250533069,865.431994946693,-51.0329398477481,839.772180152252,-81.8563247605566,808.948795239443
"209","MG2rn",25,"zona costera","26",450,397.742,491.689,93.947,0,10.56,0,30.24,12,39.92,18,35,5192.23584,5192.23584,13155.08208,17568.90664,7962.84624,12376.6708,8,463.981795593667,8426.82803559367,469.140927232898,8431.9871672329,464.657652333688,8427.50389233369,1013.9915154988,13390.6623154988,1063.79827299852,13440.4690729985,1107.10228452734,13483.7730845273
"217","MG2rn",35,"zona costera","26",0,1037.528,1081.889,44.3609999999999,0,10.56,0,53.02,12,68.53,18,35,11424.74784,11424.74784,55542.06656,71900.29184,44117.31872,60475.544,10,10272.2563536441,54389.5750736441,11331.8856644637,55449.2043844637,12474.764472754,56592.0831927541,16323.1426426271,76798.6866426271,18062.8665332708,78538.4105332708,19959.2780475074,80434.8220475074
"183","MG2rn",0,"zona interior","7",1250,0,0,0,0,0,0,0,0,0,0,35,0,0,0,0,0,0,0,0,0,0,0,0,0,0,0,0,0,0,0
"225","MG2rn",5,"zona interior","7",1250,0,0,0,837,0,0,0,0,0,0,35,0,837,0,0,-837,-837,5,0,-837,0,-837,0,-837,0,-837,0,-837,0,-837
"235","MG2rn",7,"zona interior","7",1250,0,0,0,0,0,850,0,0,0,0,35,0,0,850,850,850,850,2,-870.8148,-20.8148,-887.9733,-37.9733,-905.2992,-55.2992,-870.8148,-20.8148,-887.9733,-37.9733,-905.2992,-55.2992
"196","MG2rn",17,"zona interior","7",1000,0,0.868,0.868,0,10.56,0,20,12,24,18,35,9.16608,9.16608,10.416,15.624,1.24992,6.45792,10,-25.3731250533069,-24.1232050533069,-51.0329398477481,-49.7830198477482,-81.8563247605566,-80.6064047605566,-25.3731250533069,-18.9152050533069,-51.0329398477481,-44.5750198477481,-81.8563247605566,-75.3984047605566
"203","MG2rn",25,"zona interior","7",450,0,28.785,28.785,0,10.56,0,30.24,12,39.92,18,35,303.9696,303.9696,345.42,518.13,41.4504,214.1604,8,-28.2641795005483,13.1862204994517,-63.0636401042532,-21.6132401042532,-110.315430819738,-68.8650308197381,-22.1621774442884,191.998222555712,-56.4663015203865,157.694098479613,-103.187923205227,110.972476794773
"215","MG2rn",35,"zona interior","7",0,67.455,109.484,42.029,0,10.56,0,53.02,12,68.53,18,35,1156.15104,1156.15104,4080.8121,5379.21315,2924.66106,4223.06211,10,16.0739292096522,2940.73498920965,-29.0463873868032,2895.6146726132,-101.937068301643,2822.72399169836,234.044761944324,4457.10687194432,211.927681872658,4434.98979187266,164.266374558696,4387.32848455869
"181","MG2rn",0,"zona interior","11",1250,0,0,0,0,0,0,0,0,0,0,35,0,0,0,0,0,0,0,0,0,0,0,0,0,0,0,0,0,0,0
"221","MG2rn",5,"zona interior","11",1250,0,0,0,837,0,0,0,0,0,0,35,0,837,0,0,-837,-837,5,0,-837,0,-837,0,-837,0,-837,0,-837,0,-837
"231","MG2rn",7,"zona interior","11",1250,0,0,0,0,0,850,0,0,0,0,35,0,0,850,850,850,850,2,-870.8148,-20.8148,-887.9733,-37.9733,-905.2992,-55.2992,-870.8148,-20.8148,-887.9733,-37.9733,-905.2992,-55.2992
"191","MG2rn",17,"zona interior","11",1000,0,6.488,6.488,0,10.56,0,20,12,24,18,35,68.51328,68.51328,77.856,116.784,9.34272,48.27072,10,-25.3731250533069,-16.0304050533069,-51.0329398477481,-41.6902198477481,-81.8563247605566,-72.5136047605566,-25.3731250533069,22.8975949466931,-51.0329398477481,-2.76221984774815,-81.8563247605566,-33.5856047605566
"202","MG2rn",25,"zona interior","11",450,12.019,81.37,69.351,0,10.56,0,30.24,12,39.92,18,35,859.2672,859.2672,1195.66656,1728.11648,336.39936,868.84928,8,-18.7821744619731,317.617185538027,-52.8119231895995,283.5874368104,-99.2398752086183,237.159484791382,26.8281819216831,895.677461921683,-3.49909746134241,865.350182538658,-45.9642192144418,822.885060785558
"213","MG2rn",35,"zona interior","11",0,230.557,276.294,45.737,0,10.56,0,53.02,12,68.53,18,35,2917.66464,2917.66464,12772.97614,16623.33721,9855.3115,13705.67257,10,387.173576865294,10242.4850768653,381.117801305713,10236.4293013057,351.053971976622,10206.3654719766,1091.8258281976,14797.4983981976,1162.95828418213,14868.6308541821,1218.07090837251,14923.7434783725
"184","MG2rn",0,"zona interior","16",1250,0,0,0,0,0,0,0,0,0,0,35,0,0,0,0,0,0,0,0,0,0,0,0,0,0,0,0,0,0,0
"222","MG2rn",5,"zona interior","16",1250,0,0,0,837,0,0,0,0,0,0,35,0,837,0,0,-837,-837,5,0,-837,0,-837,0,-837,0,-837,0,-837,0,-837
"232","MG2rn",7,"zona interior","16",1250,0,0,0,0,0,850,0,0,0,0,35,0,0,850,850,850,850,2,-870.8148,-20.8148,-887.9733,-37.9733,-905.2992,-55.2992,-870.8148,-20.8148,-887.9733,-37.9733,-905.2992,-55.2992
"192","MG2rn",17,"zona interior","16",1000,0,23.634,23.634,0,10.56,0,20,12,24,18,35,249.57504,249.57504,283.608,425.412,34.03296,175.83696,10,-25.3731250533069,8.65983494669314,-51.0329398477481,-16.9999798477481,-81.8563247605566,-47.8233647605566,-25.3731250533069,150.463834946693,-51.0329398477481,124.804020152252,-81.8563247605566,93.9806352394435
"204","MG2rn",25,"zona interior","16",450,94.854,188.183,93.329,0,10.56,0,30.24,12,39.92,18,35,1987.21248,1987.21248,3988.33296,5466.49368,2001.12048,3479.2812,8,10.1463768532243,2011.26685685322,-21.5350658553198,1979.58541414468,-65.4495768975399,1935.67090310246,176.29236371687,3655.57356371687,158.09799876577,3637.37919876577,128.61898872613,3607.90018872613
"216","MG2rn",35,"zona interior","16",0,490.49,538.21,47.72,0,10.56,0,53.02,12,68.53,18,35,5683.4976,5683.4976,26578.4198,34472.2397,20894.9222,28788.7421,10,2451.72307562447,23346.6452756245,2660.39726237975,23555.3194623798,2865.26579180015,23760.1879918001,4456.12377605121,33244.8658760512,4888.33348310692,33677.0755831069,5340.57363491767,34129.3157349177
"187","MG2rn",0,"zona interior","21",1250,0,0,0,0,0,0,0,0,0,0,35,0,0,0,0,0,0,0,0,0,0,0,0,0,0,0,0,0,0,0
"223","MG2rn",5,"zona interior","21",1250,0,0,0,837,0,0,0,0,0,0,35,0,837,0,0,-837,-837,5,0,-837,0,-837,0,-837,0,-837,0,-837,0,-837
"233","MG2rn",7,"zona interior","21",1250,0,0,0,0,0,850,0,0,0,0,35,0,0,850,850,850,850,2,-870.8148,-20.8148,-887.9733,-37.9733,-905.2992,-55.2992,-870.8148,-20.8148,-887.9733,-37.9733,-905.2992,-55.2992
"193","MG2rn",17,"zona interior","21",1000,6.237,48.882,42.645,0,10.56,0,20,12,24,18,35,516.19392,516.19392,636.48,917.298,120.28608,401.10408,10,-25.3731250533069,94.9129549466931,-51.0329398477481,69.2531401522518,-81.8563247605566,38.4297552394434,-25.3731250533069,375.730954946693,-51.0329398477481,350.071140152252,-81.8563247605566,319.247755239443
"206","MG2rn",25,"zona interior","21",450,234.188,336.059,101.871,0,10.56,0,30.24,12,39.92,18,35,3548.78304,3548.78304,8304.29712,11182.46296,4755.51408,7633.67992,8,111.205654041938,4866.71973404194,87.7278059870161,4843.24188598702,52.5937736353521,4808.10785363535,440.228698096233,8073.90861809623,443.459646702124,8077.13956670212,436.91259723206,8070.59251723206
"219","MG2rn",35,"zona interior","21",0,855.368,902.647,47.279,0,10.56,0,53.02,12,68.53,18,35,9531.95232,9531.95232,45918.95936,59469.39104,36387.00704,49937.43872,10,5932.50419947549,42319.5112394755,6508.91209970347,42895.9191397035,7117.17417161474,43504.1812116147,9842.04955300689,59779.4882730069,10855.0001619395,60792.4388819395,11946.4484495375,61883.8871695375
"190","MG2rn",0,"zona interior","26",1250,0,0,0,0,0,0,0,0,0,0,35,0,0,0,0,0,0,0,0,0,0,0,0,0,0,0,0,0,0,0
"224","MG2rn",5,"zona interior","26",1250,0,0,0,837,0,0,0,0,0,0,35,0,837,0,0,-837,-837,5,0,-837,0,-837,0,-837,0,-837,0,-837,0,-837
"234","MG2rn",7,"zona interior","26",1250,0,0,0,0,0,850,0,0,0,0,35,0,0,850,850,850,850,2,-870.8148,-20.8148,-887.9733,-37.9733,-905.2992,-55.2992,-870.8148,-20.8148,-887.9733,-37.9733,-905.2992,-55.2992
"194","MG2rn",17,"zona interior","26",1000,26.863,82.701,55.838,0,10.56,0,20,12,24,18,35,873.32256,873.32256,1207.316,1649.796,333.99344,776.47344,10,-25.3731250533069,308.620314946693,-51.0329398477481,282.960500152252,-81.8563247605566,252.137115239443,-25.3731250533069,751.100314946693,-51.0329398477481,725.440500152252,-81.8563247605566,694.617115239443
"201","MG2rn",25,"zona interior","26",450,445.921,547.05,101.129,0,10.56,0,30.24,12,39.92,18,35,5776.848,5776.848,14698.19904,19621.48832,8921.35104,13844.64032,8,361.597887175167,9282.94892717517,358.445895807349,9279.79693580735,345.06705237517,9266.41809237517,880.033730081049,14724.6740500811,918.966321419741,14763.6066414197,950.631485798496,14795.2718057985
"212","MG2rn",35,"zona interior","26",0,1262.089,1310.595,48.5060000000001,0,10.56,0,53.02,12,68.53,18,35,13839.8832,13839.8832,67498.03078,87364.06717,53658.14758,73524.18397,10,11315.8629433228,64974.0105233229,12471.2710990189,66129.4186790189,13716.5624229023,67374.7100029023,17949.2955032904,91473.4794732904,19841.0527835977,93365.2367535976,21900.6165343467,95424.8005043467
