"RegimenClara","Zona","Calidad","Edad","AB","Dm","Dq","Ho","VCC20","VCC7"
"M2",0,11,1,0.00,0.00,0.00,0.21,0.00,0.00
"M2",0,11,2,0.00,0.06,0.06,0.58,0.00,0.00
"M2",0,11,3,0.02,0.43,0.45,1.04,0.00,0.00
"M2",0,11,4,0.16,1.23,1.27,1.56,0.00,0.00
"M2",0,11,5,0.57,2.33,2.40,2.13,0.00,0.00
"M2",0,11,6,1.35,3.60,3.71,2.73,0.00,0.00
"M2",0,11,7,2.54,4.94,5.08,3.35,0.00,0.44
"M2",0,11,8,4.10,6.29,6.47,3.98,0.00,3.60
"M2",0,11,9,6.00,7.61,7.82,4.61,0.00,4.60
"M2",0,11,10,8.15,8.87,9.11,5.25,0.00,9.12
"M2",0,11,11,10.51,10.08,10.35,5.88,0.00,19.45
"M2",0,11,12,13.01,11.22,11.51,6.50,0.00,26.36
"M2",0,11,13,15.62,12.29,12.61,7.12,0.00,34.61
"M2",0,11,14,18.28,13.30,13.65,7.72,0.05,49.72
"M2",0,11,14,16.34,14.08,14.42,7.72,0.05,46.25
"M2",0,11,15,18.85,15.12,15.49,8.30,0.99,59.28
"M2",0,11,16,21.38,16.11,16.50,8.88,3.01,71.19
"M2",0,11,17,23.91,17.03,17.45,9.43,6.58,86.02
"M2",0,11,18,26.42,17.91,18.34,9.97,11.70,101.13
"M2",0,11,19,28.91,18.73,19.19,10.49,18.63,115.71
"M2",0,11,20,31.37,19.51,19.98,11.00,27.73,129.93
"M2",0,11,21,33.78,20.25,20.74,11.49,38.84,146.30
"M2",0,11,22,36.15,20.95,21.45,11.96,52.13,164.95
"M2",0,11,22,29.96,22.84,23.34,11.96,52.13,139.31
"M2",0,11,23,32.04,23.62,24.14,12.42,73.67,154.25
"M2",0,11,24,34.09,24.36,24.90,12.86,88.28,169.66
"M2",0,11,25,36.10,25.07,25.62,13.28,103.37,185.63
"M2",0,11,26,38.07,25.75,26.31,13.69,119.09,202.13
"M2",0,11,27,39.99,26.39,26.97,14.08,135.73,219.13
"M2",0,11,28,41.88,27.00,27.60,14.46,151.86,235.30
"M2",0,11,29,43.72,27.59,28.20,14.83,167.92,251.48
"M2",0,11,30,45.51,28.15,28.77,15.18,184.38,267.61
"M2",0,11,30,26.47,32.90,33.52,15.18,130.31,158.91
"M2",0,11,31,27.78,33.70,34.34,15.52,139.60,168.40
"M2",0,11,32,29.06,34.47,35.12,15.85,152.03,180.28
"M2",0,11,33,30.33,35.22,35.88,16.16,163.24,191.07
"M2",0,11,34,31.57,35.94,36.60,16.47,175.05,202.39
"M2",0,11,35,32.79,36.63,37.31,16.76,187.59,214.39
"M2",0,11,36,34.00,37.30,37.99,17.04,199.15,225.60
"M2",0,11,37,35.18,37.94,38.64,17.31,210.47,236.57
"M2",0,11,38,36.34,38.56,39.27,17.58,222.83,248.54
"M2",0,11,39,37.48,39.17,39.88,17.83,235.11,260.51
"M2",0,11,40,38.60,39.75,40.48,18.07,246.76,271.77
"M2",0,11,40,0.00,0.00,0.00,0.00,0.00,0.00
"M2",0,16,1,0.00,0.00,0.00,0.33,0.00,0.00
"M2",0,16,2,0.01,0.27,0.27,0.91,0.00,0.00
"M2",0,16,3,0.16,1.28,1.30,1.63,0.00,0.00
"M2",0,16,4,0.83,2.87,2.91,2.44,0.00,0.00
"M2",0,16,5,2.27,4.73,4.81,3.31,0.00,0.00
"M2",0,16,6,4.49,6.65,6.76,4.22,0.00,4.10
"M2",0,16,7,7.37,8.51,8.66,5.16,0.00,5.45
"M2",0,16,8,10.75,10.28,10.46,6.10,0.00,22.65
"M2",0,16,9,14.47,11.92,12.14,7.04,0.00,32.33
"M2",0,16,10,18.42,13.44,13.70,7.97,0.00,50.14
"M2",0,16,11,22.48,14.84,15.13,8.89,0.24,78.06
"M2",0,16,12,26.58,16.14,16.45,9.78,2.75,99.23
"M2",0,16,13,30.67,17.33,17.68,10.66,9.35,127.00
"M2",0,16,14,34.71,18.43,18.80,11.50,19.43,155.79
"M2",0,16,14,31.37,19.61,19.98,11.50,19.43,143.12
"M2",0,16,15,35.11,20.74,21.14,12.32,44.23,164.19
"M2",0,16,16,38.77,21.79,22.22,13.12,69.15,196.91
"M2",0,16,17,42.35,22.76,23.22,13.88,96.53,229.76
"M2",0,16,18,45.83,23.67,24.16,14.61,125.64,262.10
"M2",0,16,19,49.20,24.52,25.03,15.32,155.81,294.60
"M2",0,16,20,52.47,25.32,25.85,16.00,188.20,329.44
"M2",0,16,21,55.63,26.06,26.61,16.65,221.59,364.49
"M2",0,16,22,58.68,26.76,27.33,17.28,254.45,398.20
"M2",0,16,22,49.01,29.29,29.86,17.28,243.86,336.94
"M2",0,16,23,51.72,30.08,30.67,17.88,271.74,362.12
"M2",0,16,24,54.35,30.83,31.44,18.45,303.99,394.12
"M2",0,16,25,56.90,31.54,32.17,19.00,335.87,425.56
"M2",0,16,26,59.37,32.21,32.86,19.53,367.31,456.46
"M2",0,16,27,61.76,32.85,33.52,20.03,397.77,486.28
"M2",0,16,28,64.08,33.46,34.14,20.52,429.84,517.64
"M2",0,16,29,66.32,34.03,34.73,20.98,462.22,549.54
"M2",0,16,30,68.50,34.58,35.30,21.42,492.99,579.79
"M2",0,16,30,39.68,40.32,41.04,21.42,313.77,339.96
"M2",0,16,31,41.32,41.15,41.88,21.85,326.70,354.83
"M2",0,16,32,42.92,41.93,42.68,22.26,347.78,375.58
"M2",0,16,33,44.48,42.69,43.45,22.65,369.36,396.70
"M2",0,16,34,46.01,43.42,44.19,23.03,390.68,417.65
"M2",0,16,35,47.51,44.12,44.90,23.39,411.19,437.81
"M2",0,16,36,48.97,44.79,45.59,23.73,431.21,457.58
"M2",0,16,37,50.39,45.43,46.25,24.07,451.36,477.44
"M2",0,16,38,51.79,46.06,46.88,24.38,470.29,496.18
"M2",0,16,39,53.15,46.66,47.50,24.69,490.51,516.16
"M2",0,16,40,54.48,47.24,48.09,24.99,509.39,534.93
"M2",0,16,40,0.00,0.00,0.00,0.00,0.00,0.00
"M2",0,21,1,0.00,0.02,0.02,0.47,0.00,0.00
"M2",0,21,2,0.06,0.77,0.78,1.30,0.00,0.00
"M2",0,21,3,0.74,2.72,2.74,2.32,0.00,0.00
"M2",0,21,4,2.72,5.22,5.27,3.46,0.00,0.00
"M2",0,21,5,6.10,7.80,7.88,4.68,0.00,4.70
"M2",0,21,6,10.57,10.26,10.37,5.93,0.00,24.09
"M2",0,21,7,15.76,12.51,12.67,7.20,0.00,35.90
"M2",0,21,8,21.36,14.56,14.75,8.47,0.00,70.61
"M2",0,21,9,27.15,16.40,16.63,9.72,1.29,104.82
"M2",0,21,10,32.97,18.05,18.33,10.95,11.93,142.37
"M2",0,21,11,38.72,19.55,19.86,12.14,29.17,184.39
"M2",0,21,12,44.32,20.90,21.25,13.29,57.79,223.98
"M2",0,21,13,49.74,22.13,22.51,14.41,101.60,280.53
"M2",0,21,14,54.95,23.25,23.66,15.48,149.68,336.35
"M2",0,21,14,49.42,24.67,25.08,15.48,149.68,304.73
"M2",0,21,15,54.18,25.82,26.26,16.51,208.02,354.21
"M2",0,21,16,58.75,26.87,27.35,17.49,259.16,407.03
"M2",0,21,17,63.13,27.85,28.35,18.43,309.86,458.01
"M2",0,21,18,67.32,28.74,29.28,19.33,362.81,510.72
"M2",0,21,19,71.34,29.58,30.14,20.18,419.65,568.36
"M2",0,21,20,75.17,30.35,30.94,21.00,477.37,626.28
"M2",0,21,21,78.84,31.07,31.68,21.78,532.32,681.17
"M2",0,21,22,82.36,31.74,32.38,22.52,586.49,735.15
"M2",0,21,22,67.93,34.51,35.15,22.52,523.51,612.38
"M2",0,21,23,71.06,35.29,35.95,23.22,564.39,655.20
"M2",0,21,24,74.07,36.02,36.71,23.89,612.29,702.30
"M2",0,21,25,76.97,36.71,37.42,24.53,658.82,748.07
"M2",0,21,26,79.76,37.36,38.09,25.14,705.49,793.91
"M2",0,21,27,82.44,37.97,38.72,25.72,753.80,841.72
"M2",0,21,28,85.02,38.55,39.33,26.27,800.17,887.69
"M2",0,21,29,87.51,39.10,39.90,26.80,845.55,932.70
"M2",0,21,30,89.90,39.62,40.44,27.30,891.86,978.59
"M2",0,21,30,51.85,46.10,46.91,27.30,543.08,568.59
"M2",0,21,31,53.72,46.92,47.75,27.78,562.15,590.72
"M2",0,21,32,55.54,47.70,48.55,28.24,590.98,619.29
"M2",0,21,33,57.31,48.45,49.32,28.68,626.31,654.10
"M2",0,21,34,59.03,49.17,50.05,29.09,652.55,680.27
"M2",0,21,35,60.71,49.86,50.76,29.49,681.54,709.14
"M2",0,21,36,62.34,50.52,51.44,29.88,707.27,734.69
"M2",0,21,37,63.93,51.16,52.09,30.24,738.08,765.20
"M2",0,21,38,65.48,51.77,52.72,30.59,770.23,797.08
"M2",0,21,39,66.99,52.36,53.32,30.93,795.04,821.89
"M2",0,21,40,68.46,52.93,53.90,31.25,822.38,848.89
"M2",0,21,40,0.00,0.00,0.00,0.00,0.00,0.00
"M2",0,26,1,0.00,0.10,0.10,0.65,0.00,0.00
"M2",0,26,2,0.30,1.75,1.75,1.78,0.00,0.00
"M2",0,26,3,2.35,4.87,4.89,3.15,0.00,0.00
"M2",0,26,4,6.81,8.28,8.33,4.66,0.00,4.68
"M2",0,26,5,13.12,11.48,11.56,6.26,0.00,31.28
"M2",0,26,6,20.52,14.34,14.46,7.89,0.00,50.38
"M2",0,26,7,28.41,16.85,17.01,9.52,0.43,110.71
"M2",0,26,8,36.40,19.05,19.26,11.12,18.69,162.85
"M2",0,26,9,44.25,20.98,21.23,12.69,45.79,214.15
"M2",0,26,10,51.83,22.68,22.98,14.21,109.18,290.09
"M2",0,26,11,59.07,24.20,24.53,15.67,180.52,369.36
"M2",0,26,12,65.94,25.54,25.92,17.07,255.05,448.18
"M2",0,26,13,72.44,26.75,27.16,18.40,334.67,532.42
"M2",0,26,14,78.56,27.84,28.29,19.67,413.83,612.41
"M2",0,26,14,70.22,29.45,29.90,19.67,402.85,552.31
"M2",0,26,15,75.76,30.57,31.06,20.87,480.56,628.47
"M2",0,26,16,81.01,31.59,32.12,22.01,563.55,711.43
"M2",0,26,17,85.97,32.52,33.08,23.09,643.83,791.04
"M2",0,26,18,90.66,33.38,33.98,24.12,725.13,872.29
"M2",0,26,19,95.11,34.17,34.80,25.08,807.13,954.02
"M2",0,26,20,99.32,34.90,35.56,26.00,886.20,1032.83
"M2",0,26,21,103.31,35.58,36.27,26.87,963.44,1109.51
"M2",0,26,22,107.10,36.21,36.93,27.68,1035.33,1181.06
"M2",0,26,22,88.37,39.37,40.09,27.68,899.69,982.30
"M2",0,26,23,91.80,40.12,40.86,28.46,956.97,1044.77
"M2",0,26,24,95.08,40.81,41.59,29.19,1020.76,1108.34
"M2",0,26,25,98.21,41.46,42.27,29.89,1086.32,1173.39
"M2",0,26,26,101.21,42.08,42.91,30.54,1148.33,1235.19
"M2",0,26,27,104.07,42.66,43.51,31.17,1212.64,1299.21
"M2",0,26,28,106.82,43.20,44.08,31.76,1272.87,1359.28
"M2",0,26,29,109.45,43.72,44.62,32.32,1328.75,1415.19
"M2",0,26,30,111.98,44.21,45.13,32.85,1385.60,1471.72
"M2",0,26,30,64.84,51.54,52.46,32.85,832.31,858.08
"M2",0,26,31,66.90,52.34,53.29,33.35,865.07,893.60
"M2",0,26,32,68.90,53.11,54.08,33.83,900.80,929.31
"M2",0,26,33,70.84,53.85,54.83,34.29,939.27,967.66
"M2",0,26,34,72.72,54.55,55.55,34.73,978.14,1006.34
"M2",0,26,35,74.54,55.22,56.25,35.14,1016.05,1044.13
"M2",0,26,36,76.31,55.87,56.91,35.54,1052.51,1080.54
"M2",0,26,37,78.03,56.49,57.55,35.91,1088.00,1115.89
"M2",0,26,38,79.69,57.08,58.16,36.27,1121.26,1149.17
"M2",0,26,39,81.31,57.66,58.75,36.62,1151.39,1179.29
"M2",0,26,40,82.89,58.21,59.31,36.94,1191.61,1219.19
"M2",0,26,40,0.00,0.00,0.00,0.00,0.00,0.00
"M2",0,7,1,0.00,0.00,0.00,0.13,0.00,0.00
"M2",0,7,2,0.00,0.01,0.01,0.35,0.00,0.00
"M2",0,7,3,0.00,0.11,0.12,0.62,0.00,0.00
"M2",0,7,4,0.02,0.41,0.45,0.94,0.00,0.00
"M2",0,7,5,0.10,0.94,1.02,1.29,0.00,0.00
"M2",0,7,6,0.31,1.66,1.77,1.65,0.00,0.00
"M2",0,7,7,0.68,2.49,2.63,2.04,0.00,0.00
"M2",0,7,8,1.25,3.40,3.57,2.43,0.00,0.00
"M2",0,7,9,2.03,4.34,4.54,2.83,0.00,0.23
"M2",0,7,10,2.99,5.29,5.52,3.23,0.00,2.17
"M2",0,7,11,4.13,6.23,6.48,3.63,0.00,2.98
"M2",0,7,12,5.41,7.14,7.42,4.03,0.00,3.83
"M2",0,7,13,6.82,8.03,8.33,4.43,0.00,5.69
"M2",0,7,14,8.32,8.88,9.21,4.82,0.00,9.93
"M2",0,7,14,7.31,9.32,9.65,4.82,0.00,9.24
"M2",0,7,15,8.75,10.21,10.56,5.20,0.00,13.67
"M2",0,7,16,10.26,11.07,11.43,5.58,0.00,17.32
"M2",0,7,17,11.82,11.89,12.27,5.95,0.00,21.50
"M2",0,7,18,13.42,12.67,13.07,6.31,0.02,28.09
"M2",0,7,19,15.03,13.42,13.84,6.66,0.14,35.29
"M2",0,7,20,16.66,14.13,14.57,7.00,0.49,42.45
"M2",0,7,21,18.30,14.82,15.27,7.33,1.14,49.23
"M2",0,7,22,19.94,15.47,15.93,7.66,2.23,55.81
"M2",0,7,22,17.21,17.23,17.69,7.66,2.23,49.50
"M2",0,7,23,18.69,17.97,18.44,7.97,7.00,56.08
"M2",0,7,24,20.17,18.67,19.15,8.27,10.24,62.82
"M2",0,7,25,21.64,19.34,19.84,8.57,14.30,69.53
"M2",0,7,26,23.10,19.99,20.50,8.85,18.87,76.14
"M2",0,7,27,24.54,20.61,21.13,9.13,24.12,83.39
"M2",0,7,28,25.97,21.20,21.73,9.40,30.15,91.58
"M2",0,7,29,27.38,21.77,22.32,9.66,36.67,99.80
"M2",0,7,30,28.77,22.32,22.87,9.91,43.65,108.27
"M2",0,7,30,17.02,26.32,26.87,9.91,38.15,65.95
"M2",0,7,31,18.01,27.08,27.64,10.15,44.22,69.81
"M2",0,7,32,18.99,27.82,28.39,10.38,50.12,75.56
"M2",0,7,33,19.97,28.53,29.11,10.61,55.87,81.16
"M2",0,7,34,20.94,29.22,29.81,10.83,62.26,87.27
"M2",0,7,35,21.90,29.89,30.48,11.04,68.11,92.82
"M2",0,7,36,22.85,30.53,31.14,11.25,73.87,98.30
"M2",0,7,37,23.78,31.16,31.77,11.44,80.13,104.25
"M2",0,7,38,24.71,31.76,32.38,11.64,86.11,109.89
"M2",0,7,39,25.63,32.35,32.98,11.82,92.24,115.74
"M2",0,7,40,26.53,32.92,33.56,12.00,98.36,121.59
"M2",0,7,40,0.00,0.00,0.00,0.00,0.00,0.00
"M2",1,11,1,0.00,0.00,0.00,0.21,0.00,0.00
"M2",1,11,2,0.00,0.13,0.13,0.58,0.00,0.00
"M2",1,11,3,0.06,0.74,0.76,1.04,0.00,0.00
"M2",1,11,4,0.34,1.81,1.85,1.56,0.00,0.00
"M2",1,11,5,1.02,3.15,3.22,2.12,0.00,0.00
"M2",1,11,6,2.17,4.59,4.70,2.72,0.00,0.02
"M2",1,11,7,3.75,6.03,6.18,3.34,0.00,2.98
"M2",1,11,8,5.69,7.43,7.61,3.97,0.00,3.80
"M2",1,11,9,7.90,8.76,8.97,4.61,0.00,6.63
"M2",1,11,10,10.31,10.01,10.25,5.24,0.00,17.19
"M2",1,11,11,12.85,11.17,11.44,5.87,0.00,24.00
"M2",1,11,12,15.47,12.26,12.55,6.50,0.00,30.91
"M2",1,11,13,18.12,13.26,13.58,7.11,0.02,45.09
"M2",1,11,14,20.77,14.20,14.55,7.71,0.22,60.27
"M2",1,11,14,18.92,15.17,15.52,7.71,0.22,55.52
"M2",1,11,15,21.41,16.14,16.51,8.30,2.52,66.71
"M2",1,11,16,23.87,17.04,17.43,8.87,5.74,81.00
"M2",1,11,17,26.30,17.89,18.30,9.43,10.20,95.36
"M2",1,11,18,28.68,18.68,19.11,9.97,16.42,109.29
"M2",1,11,19,31.01,19.42,19.87,10.49,24.36,122.63
"M2",1,11,20,33.28,20.11,20.58,11.00,34.18,136.79
"M2",1,11,21,35.48,20.77,21.26,11.49,45.91,154.06
"M2",1,11,22,37.63,21.38,21.89,11.96,58.97,171.81
"M2",1,11,22,31.28,23.35,23.85,11.96,58.97,145.33
"M2",1,11,23,33.18,24.04,24.57,12.42,79.23,158.30
"M2",1,11,24,35.03,24.70,25.24,12.86,92.50,172.35
"M2",1,11,25,36.83,25.33,25.88,13.29,107.18,188.11
"M2",1,11,26,38.58,25.92,26.49,13.70,121.59,203.31
"M2",1,11,27,40.28,26.49,27.07,14.09,136.33,218.52
"M2",1,11,28,41.94,27.02,27.62,14.47,151.31,233.83
"M2",1,11,29,43.55,27.54,28.14,14.84,165.62,248.11
"M2",1,11,30,45.11,28.02,28.65,15.20,180.01,262.18
"M2",1,11,30,26.28,32.78,33.40,15.20,128.17,156.74
"M2",1,11,31,27.45,33.50,34.13,15.54,136.14,164.66
"M2",1,11,32,28.59,34.19,34.83,15.87,146.57,174.76
"M2",1,11,33,29.71,34.85,35.51,16.18,158.02,185.74
"M2",1,11,34,30.81,35.49,36.16,16.49,168.76,196.05
"M2",1,11,35,31.88,36.11,36.79,16.78,178.82,205.77
"M2",1,11,36,32.94,36.70,37.39,17.06,189.56,216.08
"M2",1,11,37,33.97,37.27,37.97,17.34,199.72,226.00
"M2",1,11,38,34.98,37.82,38.53,17.60,211.15,237.06
"M2",1,11,39,35.97,38.35,39.07,17.86,221.43,247.04
"M2",1,11,40,36.94,38.87,39.60,18.10,230.85,256.22
"M2",1,11,40,0.00,0.00,0.00,0.00,0.00,0.00
"M2",1,16,1,0.00,0.01,0.01,0.35,0.00,0.00
"M2",1,16,2,0.03,0.57,0.58,0.98,0.00,0.00
"M2",1,16,3,0.44,2.11,2.13,1.74,0.00,0.00
"M2",1,16,4,1.73,4.15,4.19,2.60,0.00,0.00
"M2",1,16,5,3.98,6.29,6.37,3.51,0.00,3.35
"M2",1,16,6,7.04,8.36,8.47,4.46,0.00,4.45
"M2",1,16,7,10.66,10.27,10.42,5.42,0.00,20.81
"M2",1,16,8,14.61,12.01,12.20,6.38,0.00,30.11
"M2",1,16,9,18.73,13.59,13.81,7.33,0.00,46.53
"M2",1,16,10,22.91,15.02,15.28,8.26,0.11,75.29
"M2",1,16,11,27.07,16.31,16.60,9.17,2.33,95.71
"M2",1,16,12,31.14,17.49,17.81,10.06,8.84,122.16
"M2",1,16,13,35.09,18.56,18.91,10.91,18.29,149.98
"M2",1,16,14,38.92,19.53,19.91,11.74,31.63,174.69
"M2",1,16,14,34.36,20.54,20.92,11.74,31.63,157.23
"M2",1,16,15,37.82,21.54,21.94,12.53,59.02,181.55
"M2",1,16,16,41.16,22.46,22.89,13.28,83.95,212.36
"M2",1,16,17,44.37,23.31,23.77,14.01,109.71,241.94
"M2",1,16,18,47.46,24.10,24.58,14.70,136.09,270.09
"M2",1,16,19,50.42,24.83,25.34,15.37,163.80,300.47
"M2",1,16,20,53.26,25.51,26.04,16.00,193.20,332.21
"M2",1,16,21,55.98,26.15,26.70,16.60,221.21,361.64
"M2",1,16,22,58.59,26.74,27.31,17.18,249.48,390.41
"M2",1,16,22,48.92,29.26,29.83,17.18,239.33,331.01
"M2",1,16,23,51.26,29.94,30.53,17.73,261.28,349.63
"M2",1,16,24,53.51,30.59,31.20,18.25,289.07,377.17
"M2",1,16,25,55.67,31.20,31.82,18.75,316.18,404.21
"M2",1,16,26,57.76,31.77,32.41,19.23,342.50,430.02
"M2",1,16,27,59.77,32.31,32.97,19.68,367.37,454.39
"M2",1,16,28,61.71,32.83,33.50,20.12,392.69,479.09
"M2",1,16,29,63.57,33.31,34.01,20.53,417.78,503.68
"M2",1,16,30,65.37,33.78,34.48,20.92,441.71,527.43
"M2",1,16,30,38.29,39.61,40.31,20.92,291.29,317.49
"M2",1,16,31,39.70,40.33,41.05,21.30,300.35,327.94
"M2",1,16,32,41.08,41.02,41.75,21.66,316.55,343.68
"M2",1,16,33,42.42,41.68,42.43,22.01,334.46,361.29
"M2",1,16,34,43.72,42.31,43.08,22.33,350.19,376.77
"M2",1,16,35,44.99,42.92,43.70,22.65,369.31,395.44
"M2",1,16,36,46.23,43.51,44.29,22.95,385.14,411.06
"M2",1,16,37,47.44,44.07,44.87,23.24,400.37,426.04
"M2",1,16,38,48.61,44.61,45.42,23.52,415.26,440.74
"M2",1,16,39,49.76,45.13,45.95,23.78,431.52,456.73
"M2",1,16,40,50.87,45.64,46.47,24.04,447.46,472.33
"M2",1,16,40,0.00,0.00,0.00,0.00,0.00,0.00
"M2",1,21,1,0.00,0.09,0.09,0.56,0.00,0.00
"M2",1,21,2,0.26,1.62,1.62,1.53,0.00,0.00
"M2",1,21,3,1.94,4.42,4.44,2.70,0.00,0.00
"M2",1,21,4,5.51,7.45,7.49,3.99,0.00,3.91
"M2",1,21,5,10.51,10.27,10.35,5.33,0.00,23.29
"M2",1,21,6,16.32,12.77,12.89,6.68,0.00,34.19
"M2",1,21,7,22.46,14.97,15.13,8.03,0.00,75.62
"M2",1,21,8,28.65,16.88,17.08,9.34,1.34,106.30
"M2",1,21,9,34.71,18.57,18.80,10.62,14.29,146.62
"M2",1,21,10,40.55,20.05,20.32,11.84,31.86,187.18
"M2",1,21,11,46.11,21.36,21.67,13.00,63.13,227.47
"M2",1,21,12,51.37,22.52,22.88,14.11,108.28,283.92
"M2",1,21,13,56.34,23.57,23.96,15.16,154.33,336.25
"M2",1,21,14,61.02,24.51,24.93,16.15,199.64,384.10
"M2",1,21,14,54.59,25.95,26.36,16.15,196.46,345.52
"M2",1,21,15,58.83,26.92,27.37,17.08,251.26,394.72
"M2",1,21,16,62.83,27.80,28.28,17.96,296.14,439.30
"M2",1,21,17,66.62,28.61,29.12,18.79,338.90,480.72
"M2",1,21,18,70.20,29.36,29.90,19.57,388.61,531.45
"M2",1,21,19,73.58,30.05,30.61,20.31,437.97,581.34
"M2",1,21,20,76.79,30.68,31.27,21.00,484.89,628.22
"M2",1,21,21,79.83,31.27,31.88,21.65,529.34,672.53
"M2",1,21,22,82.70,31.81,32.45,22.26,571.78,714.38
"M2",1,21,22,68.20,34.58,35.22,22.26,511.27,597.06
"M2",1,21,23,70.82,35.23,35.89,22.84,542.04,629.02
"M2",1,21,24,73.32,35.84,36.52,23.39,578.73,665.00
"M2",1,21,25,75.71,36.41,37.11,23.90,614.90,700.23
"M2",1,21,26,77.99,36.94,37.66,24.38,649.03,733.49
"M2",1,21,27,80.18,37.45,38.19,24.84,682.18,766.00
"M2",1,21,28,82.27,37.93,38.68,25.27,718.60,801.97
"M2",1,21,29,84.27,38.38,39.15,25.68,751.92,835.04
"M2",1,21,30,86.20,38.80,39.60,26.07,784.99,867.74
"M2",1,21,30,49.75,45.16,45.95,26.07,488.75,513.59
"M2",1,21,31,51.33,45.87,46.67,26.44,500.09,527.14
"M2",1,21,32,52.86,46.54,47.37,26.79,523.85,550.60
"M2",1,21,33,54.35,47.19,48.03,27.12,542.17,568.86
"M2",1,21,34,55.79,47.81,48.66,27.43,566.08,592.45
"M2",1,21,35,57.19,48.40,49.27,27.73,585.04,611.17
"M2",1,21,36,58.55,48.97,49.85,28.01,609.98,635.75
"M2",1,21,37,59.86,49.51,50.40,28.28,627.08,652.72
"M2",1,21,38,61.14,50.04,50.94,28.54,647.61,672.98
"M2",1,21,39,62.39,50.54,51.46,28.79,662.96,688.31
"M2",1,21,40,63.59,51.02,51.95,29.02,685.22,710.29
"M2",1,21,40,0.00,0.00,0.00,0.00,0.00,0.00
"M2",1,26,1,0.02,0.40,0.40,0.87,0.00,0.00
"M2",1,26,2,1.28,3.60,3.61,2.35,0.00,0.00
"M2",1,26,3,6.04,7.83,7.85,4.09,0.00,4.02
"M2",1,26,4,13.55,11.70,11.75,5.95,0.00,30.69
"M2",1,26,5,22.29,14.98,15.07,7.82,0.00,79.61
"M2",1,26,6,31.29,17.73,17.85,9.66,0.79,119.54
"M2",1,26,7,40.04,20.02,20.20,11.42,28.07,185.95
"M2",1,26,8,48.32,21.97,22.19,13.09,63.20,236.10
"M2",1,26,9,56.03,23.63,23.89,14.67,145.12,329.12
"M2",1,26,10,63.17,25.06,25.37,16.13,215.74,403.48
"M2",1,26,11,69.75,26.31,26.65,17.50,293.32,485.41
"M2",1,26,12,75.82,27.40,27.79,18.76,369.40,564.13
"M2",1,26,13,81.42,28.37,28.80,19.93,438.73,631.99
"M2",1,26,14,86.58,29.23,29.70,21.01,513.77,707.54
"M2",1,26,14,77.73,30.99,31.46,21.01,499.29,641.43
"M2",1,26,15,82.43,31.89,32.40,22.01,568.79,711.38
"M2",1,26,16,86.80,32.71,33.24,22.94,635.58,777.10
"M2",1,26,17,90.88,33.45,34.02,23.79,704.43,845.37
"M2",1,26,18,94.68,34.12,34.72,24.58,770.92,911.47
"M2",1,26,19,98.25,34.74,35.37,25.32,831.77,971.76
"M2",1,26,20,101.59,35.31,35.97,26.00,890.07,1029.16
"M2",1,26,21,104.73,35.83,36.52,26.63,943.82,1081.85
"M2",1,26,22,107.68,36.32,37.03,27.22,994.20,1131.23
"M2",1,26,22,88.90,39.50,40.21,27.22,867.23,945.75
"M2",1,26,23,91.66,40.10,40.83,27.77,905.93,988.60
"M2",1,26,24,94.28,40.65,41.41,28.28,952.53,1034.56
"M2",1,26,25,96.76,41.17,41.95,28.76,995.82,1077.27
"M2",1,26,26,99.13,41.66,42.46,29.20,1038.63,1119.50
"M2",1,26,27,101.38,42.12,42.94,29.62,1080.86,1161.46
"M2",1,26,28,103.52,42.55,43.39,30.01,1122.15,1202.37
"M2",1,26,29,105.56,42.96,43.82,30.38,1160.54,1240.48
"M2",1,26,30,107.51,43.34,44.22,30.72,1197.68,1277.22
"M2",1,26,30,62.54,50.64,51.52,30.72,737.61,761.86
"M2",1,26,31,64.25,51.33,52.22,31.05,747.47,773.87
"M2",1,26,32,65.91,51.98,52.89,31.35,774.71,800.81
"M2",1,26,33,67.51,52.60,53.53,31.64,803.77,829.64
"M2",1,26,34,69.05,53.19,54.14,31.91,828.76,854.48
"M2",1,26,35,70.55,53.76,54.72,32.17,854.38,879.85
"M2",1,26,36,71.99,54.31,55.28,32.41,874.10,899.52
"M2",1,26,37,73.39,54.83,55.81,32.64,900.86,926.03
"M2",1,26,38,74.74,55.33,56.32,32.86,922.06,947.18
"M2",1,26,39,76.06,55.81,56.81,33.07,946.91,971.84
"M2",1,26,40,77.33,56.27,57.29,33.26,967.05,991.90
"M2",1,26,40,0.00,0.00,0.00,0.00,0.00,0.00
"M2",1,7,1,0.00,0.00,0.00,0.12,0.00,0.00
"M2",1,7,2,0.00,0.02,0.02,0.33,0.00,0.00
"M2",1,7,3,0.00,0.19,0.21,0.60,0.00,0.00
"M2",1,7,4,0.04,0.63,0.68,0.90,0.00,0.00
"M2",1,7,5,0.19,1.32,1.39,1.23,0.00,0.00
"M2",1,7,6,0.51,2.16,2.27,1.59,0.00,0.00
"M2",1,7,7,1.03,3.10,3.24,1.96,0.00,0.00
"M2",1,7,8,1.78,4.08,4.25,2.35,0.00,0.05
"M2",1,7,9,2.73,5.07,5.27,2.74,0.00,1.76
"M2",1,7,10,3.86,6.04,6.27,3.14,0.00,2.53
"M2",1,7,11,5.14,6.98,7.24,3.54,0.00,3.22
"M2",1,7,12,6.55,7.89,8.17,3.94,0.00,4.49
"M2",1,7,13,8.04,8.75,9.05,4.34,0.00,8.15
"M2",1,7,14,9.61,9.57,9.90,4.74,0.00,13.00
"M2",1,7,14,8.54,10.10,10.42,4.74,0.00,12.25
"M2",1,7,15,10.03,10.96,11.30,5.13,0.00,15.74
"M2",1,7,16,11.56,11.77,12.13,5.52,0.00,19.44
"M2",1,7,17,13.11,12.54,12.92,5.90,0.02,25.50
"M2",1,7,18,14.68,13.27,13.67,6.27,0.07,32.36
"M2",1,7,19,16.25,13.97,14.38,6.64,0.30,39.34
"M2",1,7,20,17.82,14.63,15.06,7.00,0.80,46.02
"M2",1,7,21,19.37,15.26,15.70,7.35,1.63,52.54
"M2",1,7,22,20.91,15.86,16.32,7.69,2.83,59.46
"M2",1,7,22,18.10,17.68,18.15,7.69,2.83,52.74
"M2",1,7,23,19.50,18.36,18.83,8.03,8.45,59.11
"M2",1,7,24,20.87,19.00,19.48,8.35,11.83,65.59
"M2",1,7,25,22.23,19.61,20.11,8.67,15.96,72.05
"M2",1,7,26,23.57,20.19,20.71,8.98,20.57,78.47
"M2",1,7,27,24.89,20.75,21.28,9.28,25.76,85.88
"M2",1,7,28,26.18,21.29,21.82,9.57,31.54,93.86
"M2",1,7,29,27.46,21.80,22.35,9.85,37.95,102.01
"M2",1,7,30,28.70,22.29,22.85,10.13,44.28,110.00
"M2",1,7,30,16.95,26.27,26.82,10.13,38.73,67.12
"M2",1,7,31,17.85,26.96,27.53,10.39,44.43,70.46
"M2",1,7,32,18.75,27.63,28.21,10.65,50.11,76.11
"M2",1,7,33,19.63,28.28,28.86,10.90,55.86,81.80
"M2",1,7,34,20.50,28.90,29.50,11.15,61.72,87.46
"M2",1,7,35,21.36,29.51,30.11,11.39,67.36,92.99
"M2",1,7,36,22.21,30.09,30.70,11.62,72.98,98.36
"M2",1,7,37,23.04,30.65,31.27,11.84,79.15,104.19
"M2",1,7,38,23.87,31.20,31.83,12.06,84.57,109.45
"M2",1,7,39,24.68,31.73,32.36,12.27,90.25,114.84
"M2",1,7,40,25.47,32.24,32.88,12.47,96.20,120.55
"M2",1,7,40,0.00,0.00,0.00,0.00,0.00,0.00
"M4",0,11,1,0.00,0.00,0.00,0.21,0.00,0.00
"M4",0,11,2,0.00,0.06,0.06,0.58,0.00,0.00
"M4",0,11,3,0.02,0.43,0.45,1.04,0.00,0.00
"M4",0,11,4,0.16,1.23,1.27,1.56,0.00,0.00
"M4",0,11,5,0.57,2.33,2.40,2.13,0.00,0.00
"M4",0,11,6,1.35,3.60,3.71,2.73,0.00,0.00
"M4",0,11,7,2.54,4.94,5.08,3.35,0.00,0.44
"M4",0,11,8,4.10,6.29,6.47,3.98,0.00,3.60
"M4",0,11,9,6.00,7.61,7.82,4.61,0.00,4.60
"M4",0,11,10,8.15,8.87,9.11,5.25,0.00,9.12
"M4",0,11,11,10.51,10.08,10.35,5.88,0.00,19.45
"M4",0,11,12,13.01,11.22,11.51,6.50,0.00,26.36
"M4",0,11,13,15.62,12.29,12.61,7.12,0.00,34.61
"M4",0,11,14,18.28,13.30,13.65,7.72,0.05,49.72
"M4",0,11,15,20.98,14.25,14.62,8.30,0.41,65.15
"M4",0,11,15,15.74,16.55,16.92,8.30,0.41,51.28
"M4",0,11,16,17.99,17.70,18.09,8.88,5.75,61.23
"M4",0,11,17,20.26,18.78,19.20,9.43,10.82,73.27
"M4",0,11,18,22.53,19.81,20.24,9.97,18.20,85.36
"M4",0,11,19,24.79,20.78,21.23,10.49,27.74,97.92
"M4",0,11,20,27.03,21.70,22.17,11.00,39.78,113.59
"M4",0,11,21,29.24,22.57,23.06,11.49,52.95,129.51
"M4",0,11,22,31.42,23.40,23.91,11.96,67.14,145.42
"M4",0,11,23,33.56,24.18,24.71,12.42,81.86,161.09
"M4",0,11,24,35.67,24.93,25.47,12.86,96.81,176.95
"M4",0,11,25,37.73,25.64,26.20,13.28,112.80,193.84
"M4",0,11,25,0.00,0.00,0.00,0.00,0.00,0.00
"M4",0,16,1,0.00,0.00,0.00,0.33,0.00,0.00
"M4",0,16,2,0.01,0.27,0.27,0.91,0.00,0.00
"M4",0,16,3,0.16,1.28,1.30,1.63,0.00,0.00
"M4",0,16,4,0.83,2.87,2.91,2.44,0.00,0.00
"M4",0,16,5,2.27,4.73,4.81,3.31,0.00,0.00
"M4",0,16,6,4.49,6.65,6.76,4.22,0.00,4.10
"M4",0,16,7,7.37,8.51,8.66,5.16,0.00,5.45
"M4",0,16,8,10.75,10.28,10.46,6.10,0.00,22.65
"M4",0,16,9,14.47,11.92,12.14,7.04,0.00,32.33
"M4",0,16,10,18.42,13.44,13.70,7.97,0.00,50.14
"M4",0,16,11,22.48,14.84,15.13,8.89,0.24,78.06
"M4",0,16,12,26.58,16.14,16.45,9.78,2.75,99.23
"M4",0,16,13,30.67,17.33,17.68,10.66,9.35,127.00
"M4",0,16,14,34.71,18.43,18.80,11.50,19.43,155.79
"M4",0,16,15,38.67,19.44,19.85,12.32,34.03,182.03
"M4",0,16,15,26.73,21.64,22.05,12.32,34.03,130.03
"M4",0,16,16,29.86,22.87,23.31,13.12,64.40,153.31
"M4",0,16,17,32.95,24.03,24.48,13.88,88.73,179.66
"M4",0,16,18,35.99,25.10,25.59,14.61,113.81,205.79
"M4",0,16,19,38.96,26.12,26.62,15.32,141.61,234.68
"M4",0,16,20,41.86,27.07,27.59,16.00,170.18,263.58
"M4",0,16,21,44.69,27.96,28.51,16.65,198.17,291.35
"M4",0,16,22,47.43,28.80,29.37,17.28,227.34,319.88
"M4",0,16,23,50.10,29.60,30.19,17.88,257.94,350.18
"M4",0,16,24,52.69,30.35,30.96,18.45,290.46,382.35
"M4",0,16,25,55.21,31.06,31.69,19.00,321.09,412.59
"M4",0,16,25,0.00,0.00,0.00,0.00,0.00,0.00
"M4",0,21,1,0.00,0.02,0.02,0.47,0.00,0.00
"M4",0,21,2,0.06,0.77,0.78,1.30,0.00,0.00
"M4",0,21,3,0.74,2.72,2.74,2.32,0.00,0.00
"M4",0,21,4,2.72,5.22,5.27,3.46,0.00,0.00
"M4",0,21,5,6.10,7.80,7.88,4.68,0.00,4.70
"M4",0,21,6,10.57,10.26,10.37,5.93,0.00,24.09
"M4",0,21,7,15.76,12.51,12.67,7.20,0.00,35.90
"M4",0,21,8,21.36,14.56,14.75,8.47,0.00,70.61
"M4",0,21,9,27.15,16.40,16.63,9.72,1.29,104.82
"M4",0,21,10,32.97,18.05,18.33,10.95,11.93,142.37
"M4",0,21,11,38.72,19.55,19.86,12.14,29.17,184.39
"M4",0,21,12,44.32,20.90,21.25,13.29,57.79,223.98
"M4",0,21,13,49.74,22.13,22.51,14.41,101.60,280.53
"M4",0,21,14,54.95,23.25,23.66,15.48,149.68,336.35
"M4",0,21,15,59.95,24.27,24.71,16.51,198.45,388.99
"M4",0,21,15,42.43,27.34,27.78,16.51,179.98,280.05
"M4",0,21,16,46.48,28.60,29.08,17.49,224.89,321.01
"M4",0,21,17,50.41,29.78,30.28,18.43,270.49,365.49
"M4",0,21,18,54.20,30.86,31.40,19.33,319.46,414.17
"M4",0,21,19,57.86,31.88,32.44,20.18,369.85,463.75
"M4",0,21,20,61.38,32.82,33.41,21.00,418.44,511.35
"M4",0,21,21,64.77,33.71,34.32,21.78,466.75,558.75
"M4",0,21,22,68.03,34.54,35.18,22.52,517.15,608.51
"M4",0,21,23,71.16,35.31,35.98,23.22,566.54,657.12
"M4",0,21,24,74.18,36.04,36.73,23.89,614.13,703.94
"M4",0,21,25,77.08,36.73,37.44,24.53,659.47,748.67
"M4",0,21,25,0.00,0.00,0.00,0.00,0.00,0.00
"M4",0,26,1,0.00,0.10,0.10,0.65,0.00,0.00
"M4",0,26,2,0.30,1.75,1.75,1.78,0.00,0.00
"M4",0,26,3,2.35,4.87,4.89,3.15,0.00,0.00
"M4",0,26,4,6.81,8.28,8.33,4.66,0.00,4.68
"M4",0,26,5,13.12,11.48,11.56,6.26,0.00,31.28
"M4",0,26,6,20.52,14.34,14.46,7.89,0.00,50.38
"M4",0,26,7,28.41,16.85,17.01,9.52,0.43,110.71
"M4",0,26,8,36.40,19.05,19.26,11.12,18.69,162.85
"M4",0,26,9,44.25,20.98,21.23,12.69,45.79,214.15
"M4",0,26,10,51.83,22.68,22.98,14.21,109.18,290.09
"M4",0,26,11,59.07,24.20,24.53,15.67,180.52,369.36
"M4",0,26,12,65.94,25.54,25.92,17.07,255.05,448.18
"M4",0,26,13,72.44,26.75,27.16,18.40,334.67,532.42
"M4",0,26,14,78.56,27.84,28.29,19.67,413.83,612.41
"M4",0,26,15,84.33,28.82,29.31,20.87,495.31,694.82
"M4",0,26,15,57.88,31.96,32.45,20.87,389.09,484.24
"M4",0,26,16,62.59,33.22,33.74,22.01,453.65,549.25
"M4",0,26,17,67.09,34.37,34.93,23.09,523.15,617.47
"M4",0,26,18,71.39,35.44,36.04,24.12,594.55,687.75
"M4",0,26,19,75.50,36.43,37.06,25.08,664.67,756.79
"M4",0,26,20,79.42,37.35,38.01,26.00,731.84,822.92
"M4",0,26,21,83.16,38.20,38.89,26.87,801.02,891.38
"M4",0,26,22,86.73,39.00,39.72,27.68,870.36,960.13
"M4",0,26,23,90.15,39.75,40.49,28.46,937.62,1026.90
"M4",0,26,24,93.41,40.44,41.22,29.19,1003.13,1091.96
"M4",0,26,25,96.53,41.10,41.90,29.89,1064.31,1152.86
"M4",0,26,25,0.00,0.00,0.00,0.00,0.00,0.00
"M4",0,7,1,0.00,0.00,0.00,0.13,0.00,0.00
"M4",0,7,2,0.00,0.01,0.01,0.35,0.00,0.00
"M4",0,7,3,0.00,0.11,0.12,0.62,0.00,0.00
"M4",0,7,4,0.02,0.41,0.45,0.94,0.00,0.00
"M4",0,7,5,0.10,0.94,1.02,1.29,0.00,0.00
"M4",0,7,6,0.31,1.66,1.77,1.65,0.00,0.00
"M4",0,7,7,0.68,2.49,2.63,2.04,0.00,0.00
"M4",0,7,8,1.25,3.40,3.57,2.43,0.00,0.00
"M4",0,7,9,2.03,4.34,4.54,2.83,0.00,0.23
"M4",0,7,10,2.99,5.29,5.52,3.23,0.00,2.17
"M4",0,7,11,4.13,6.23,6.48,3.63,0.00,2.98
"M4",0,7,12,5.41,7.14,7.42,4.03,0.00,3.83
"M4",0,7,13,6.82,8.03,8.33,4.43,0.00,5.69
"M4",0,7,14,8.32,8.88,9.21,4.82,0.00,9.93
"M4",0,7,15,9.91,9.70,10.05,5.20,0.00,14.91
"M4",0,7,15,7.28,11.16,11.50,5.20,0.00,13.06
"M4",0,7,16,8.60,12.14,12.51,5.58,0.00,14.94
"M4",0,7,17,9.98,13.09,13.47,5.95,0.03,20.28
"M4",0,7,18,11.40,14.00,14.40,6.31,0.17,26.04
"M4",0,7,19,12.84,14.87,15.28,6.66,0.60,31.66
"M4",0,7,20,14.31,15.70,16.13,7.00,1.38,37.12
"M4",0,7,21,15.79,16.50,16.95,7.33,2.72,43.03
"M4",0,7,22,17.28,17.27,17.73,7.66,4.50,49.55
"M4",0,7,23,18.77,18.00,18.48,7.97,7.05,56.21
"M4",0,7,24,20.25,18.70,19.19,8.27,10.40,63.01
"M4",0,7,25,21.72,19.38,19.88,8.57,14.45,69.71
"M4",0,7,25,0.00,0.00,0.00,0.00,0.00,0.00
"M4",1,11,1,0.00,0.00,0.00,0.21,0.00,0.00
"M4",1,11,2,0.00,0.13,0.13,0.58,0.00,0.00
"M4",1,11,3,0.06,0.74,0.76,1.04,0.00,0.00
"M4",1,11,4,0.34,1.81,1.85,1.56,0.00,0.00
"M4",1,11,5,1.02,3.15,3.22,2.12,0.00,0.00
"M4",1,11,6,2.17,4.59,4.70,2.72,0.00,0.02
"M4",1,11,7,3.75,6.03,6.18,3.34,0.00,2.98
"M4",1,11,8,5.69,7.43,7.61,3.97,0.00,3.80
"M4",1,11,9,7.90,8.76,8.97,4.61,0.00,6.63
"M4",1,11,10,10.31,10.01,10.25,5.24,0.00,17.19
"M4",1,11,11,12.85,11.17,11.44,5.87,0.00,24.00
"M4",1,11,12,15.47,12.26,12.55,6.50,0.00,30.91
"M4",1,11,13,18.12,13.26,13.58,7.11,0.02,45.09
"M4",1,11,14,20.77,14.20,14.55,7.71,0.22,60.27
"M4",1,11,15,23.40,15.07,15.44,8.30,1.17,73.67
"M4",1,11,15,18.01,17.73,18.10,8.30,1.17,58.89
"M4",1,11,16,20.24,18.79,19.19,8.87,9.56,68.79
"M4",1,11,17,22.45,19.79,20.21,9.43,16.32,80.31
"M4",1,11,18,24.62,20.73,21.16,9.97,25.06,91.58
"M4",1,11,19,26.76,21.61,22.06,10.49,36.14,106.64
"M4",1,11,20,28.86,22.44,22.91,11.00,48.15,121.52
"M4",1,11,21,30.91,23.22,23.71,11.49,60.96,136.45
"M4",1,11,22,32.91,23.96,24.47,11.96,74.65,151.31
"M4",1,11,23,34.86,24.66,25.18,12.42,88.00,165.65
"M4",1,11,24,36.75,25.32,25.85,12.86,102.82,181.40
"M4",1,11,25,38.59,25.94,26.50,13.29,117.56,196.99
"M4",1,11,25,0.00,0.00,0.00,0.00,0.00,0.00
"M4",1,16,1,0.00,0.01,0.01,0.35,0.00,0.00
"M4",1,16,2,0.03,0.57,0.58,0.98,0.00,0.00
"M4",1,16,3,0.44,2.11,2.13,1.74,0.00,0.00
"M4",1,16,4,1.73,4.15,4.19,2.60,0.00,0.00
"M4",1,16,5,3.98,6.29,6.37,3.51,0.00,3.35
"M4",1,16,6,7.04,8.36,8.47,4.46,0.00,4.45
"M4",1,16,7,10.66,10.27,10.42,5.42,0.00,20.81
"M4",1,16,8,14.61,12.01,12.20,6.38,0.00,30.11
"M4",1,16,9,18.73,13.59,13.81,7.33,0.00,46.53
"M4",1,16,10,22.91,15.02,15.28,8.26,0.11,75.29
"M4",1,16,11,27.07,16.31,16.60,9.17,2.33,95.71
"M4",1,16,12,31.14,17.49,17.81,10.06,8.84,122.16
"M4",1,16,13,35.09,18.56,18.91,10.91,18.29,149.98
"M4",1,16,14,38.92,19.53,19.91,11.74,31.63,174.69
"M4",1,16,15,42.59,20.42,20.83,12.53,50.14,201.20
"M4",1,16,15,29.74,22.85,23.26,12.53,49.34,144.88
"M4",1,16,16,32.70,23.96,24.39,13.28,82.14,169.63
"M4",1,16,17,35.58,24.98,25.44,14.01,105.08,193.40
"M4",1,16,18,38.36,25.93,26.42,14.70,130.26,219.64
"M4",1,16,19,41.06,26.82,27.33,15.37,155.51,245.57
"M4",1,16,20,43.66,27.65,28.18,16.00,180.94,270.95
"M4",1,16,21,46.16,28.43,28.98,16.60,206.45,295.80
"M4",1,16,22,48.58,29.16,29.73,17.18,231.28,319.79
"M4",1,16,23,50.91,29.84,30.43,17.73,258.05,346.74
"M4",1,16,24,53.16,30.49,31.09,18.25,286.22,374.76
"M4",1,16,25,55.32,31.09,31.72,18.75,313.57,402.00
"M4",1,16,25,0.00,0.00,0.00,0.00,0.00,0.00
"M4",1,21,1,0.00,0.09,0.09,0.56,0.00,0.00
"M4",1,21,2,0.26,1.62,1.62,1.53,0.00,0.00
"M4",1,21,3,1.94,4.42,4.44,2.70,0.00,0.00
"M4",1,21,4,5.51,7.45,7.49,3.99,0.00,3.91
"M4",1,21,5,10.51,10.27,10.35,5.33,0.00,23.29
"M4",1,21,6,16.32,12.77,12.89,6.68,0.00,34.19
"M4",1,21,7,22.46,14.97,15.13,8.03,0.00,75.62
"M4",1,21,8,28.65,16.88,17.08,9.34,1.34,106.30
"M4",1,21,9,34.71,18.57,18.80,10.62,14.29,146.62
"M4",1,21,10,40.55,20.05,20.32,11.84,31.86,187.18
"M4",1,21,11,46.11,21.36,21.67,13.00,63.13,227.47
"M4",1,21,12,51.37,22.52,22.88,14.11,108.28,283.92
"M4",1,21,13,56.34,23.57,23.96,15.16,154.33,336.25
"M4",1,21,14,61.02,24.51,24.93,16.15,199.64,384.10
"M4",1,21,15,65.42,25.36,25.81,17.08,249.44,438.97
"M4",1,21,15,46.92,28.76,29.21,17.08,226.40,321.15
"M4",1,21,16,50.60,29.86,30.34,17.96,260.09,350.84
"M4",1,21,17,54.10,30.86,31.37,18.79,304.90,395.45
"M4",1,21,18,57.45,31.79,32.32,19.57,348.88,438.70
"M4",1,21,19,60.63,32.64,33.21,20.31,390.76,479.64
"M4",1,21,20,63.66,33.44,34.03,21.00,430.89,518.54
"M4",1,21,21,66.56,34.18,34.79,21.65,472.89,560.03
"M4",1,21,22,69.31,34.87,35.51,22.26,514.23,600.63
"M4",1,21,23,71.94,35.51,36.17,22.84,552.60,638.33
"M4",1,21,24,74.45,36.12,36.80,23.39,589.85,674.77
"M4",1,21,25,76.85,36.69,37.39,23.90,625.28,709.41
"M4",1,21,25,0.00,0.00,0.00,0.00,0.00,0.00
"M4",1,26,1,0.02,0.40,0.40,0.87,0.00,0.00
"M4",1,26,2,1.28,3.60,3.61,2.35,0.00,0.00
"M4",1,26,3,6.04,7.83,7.85,4.09,0.00,4.02
"M4",1,26,4,13.55,11.70,11.75,5.95,0.00,30.69
"M4",1,26,5,22.29,14.98,15.07,7.82,0.00,79.61
"M4",1,26,6,31.29,17.73,17.85,9.66,0.79,119.54
"M4",1,26,7,40.04,20.02,20.20,11.42,28.07,185.95
"M4",1,26,8,48.32,21.97,22.19,13.09,63.20,236.10
"M4",1,26,9,56.03,23.63,23.89,14.67,145.12,329.12
"M4",1,26,10,63.17,25.06,25.37,16.13,215.74,403.48
"M4",1,26,11,69.75,26.31,26.65,17.50,293.32,485.41
"M4",1,26,12,75.82,27.40,27.79,18.76,369.40,564.13
"M4",1,26,13,81.42,28.37,28.80,19.93,438.73,631.99
"M4",1,26,14,86.58,29.23,29.70,21.01,513.77,707.54
"M4",1,26,15,91.37,30.00,30.51,22.01,591.99,787.36
"M4",1,26,15,63.34,33.44,33.94,22.01,465.44,556.36
"M4",1,26,16,67.44,34.49,35.02,22.94,515.73,606.51
"M4",1,26,17,71.31,35.44,36.01,23.79,575.65,665.27
"M4",1,26,18,74.95,36.32,36.92,24.58,631.76,720.10
"M4",1,26,19,78.39,37.13,37.76,25.32,684.56,771.49
"M4",1,26,20,81.64,37.88,38.54,26.00,738.19,823.57
"M4",1,26,21,84.71,38.57,39.25,26.63,790.68,875.65
"M4",1,26,22,87.62,39.21,39.92,27.22,843.63,927.93
"M4",1,26,23,90.38,39.81,40.54,27.77,891.68,975.43
"M4",1,26,24,92.99,40.37,41.13,28.28,939.04,1022.09
"M4",1,26,25,95.48,40.89,41.67,28.76,981.46,1063.99
"M4",1,26,25,0.00,0.00,0.00,0.00,0.00,0.00
"M4",1,7,1,0.00,0.00,0.00,0.12,0.00,0.00
"M4",1,7,2,0.00,0.02,0.02,0.33,0.00,0.00
"M4",1,7,3,0.00,0.19,0.21,0.60,0.00,0.00
"M4",1,7,4,0.04,0.63,0.68,0.90,0.00,0.00
"M4",1,7,5,0.19,1.32,1.39,1.23,0.00,0.00
"M4",1,7,6,0.51,2.16,2.27,1.59,0.00,0.00
"M4",1,7,7,1.03,3.10,3.24,1.96,0.00,0.00
"M4",1,7,8,1.78,4.08,4.25,2.35,0.00,0.05
"M4",1,7,9,2.73,5.07,5.27,2.74,0.00,1.76
"M4",1,7,10,3.86,6.04,6.27,3.14,0.00,2.53
"M4",1,7,11,5.14,6.98,7.24,3.54,0.00,3.22
"M4",1,7,12,6.55,7.89,8.17,3.94,0.00,4.49
"M4",1,7,13,8.04,8.75,9.05,4.34,0.00,8.15
"M4",1,7,14,9.61,9.57,9.90,4.74,0.00,13.00
"M4",1,7,15,11.23,10.35,10.70,5.13,0.00,17.39
"M4",1,7,15,8.13,11.81,12.16,5.13,0.00,14.98
"M4",1,7,16,9.46,12.75,13.12,5.52,0.00,17.27
"M4",1,7,17,10.82,13.64,14.03,5.90,0.07,22.79
"M4",1,7,18,12.20,14.50,14.90,6.27,0.31,28.36
"M4",1,7,19,13.59,15.31,15.72,6.64,0.88,33.68
"M4",1,7,20,14.99,16.08,16.51,7.00,1.88,39.05
"M4",1,7,21,16.39,16.82,17.26,7.35,3.25,45.03
"M4",1,7,22,17.78,17.52,17.98,7.69,5.26,51.63
"M4",1,7,23,19.15,18.19,18.67,8.03,7.88,58.13
"M4",1,7,24,20.52,18.83,19.32,8.35,11.04,64.54
"M4",1,7,25,21.86,19.44,19.94,8.67,15.09,71.02
"M4",1,7,25,0.00,0.00,0.00,0.00,0.00,0.00
"M8",0,11,1,0.00,0.00,0.00,0.21,0.00,0.00
"M8",0,11,2,0.00,0.06,0.06,0.58,0.00,0.00
"M8",0,11,3,0.02,0.43,0.45,1.04,0.00,0.00
"M8",0,11,4,0.16,1.23,1.27,1.56,0.00,0.00
"M8",0,11,5,0.57,2.33,2.40,2.13,0.00,0.00
"M8",0,11,6,1.35,3.60,3.71,2.73,0.00,0.00
"M8",0,11,7,2.54,4.94,5.08,3.35,0.00,0.44
"M8",0,11,8,4.10,6.29,6.47,3.98,0.00,3.60
"M8",0,11,9,6.00,7.61,7.82,4.61,0.00,4.60
"M8",0,11,10,8.15,8.87,9.11,5.25,0.00,9.12
"M8",0,11,11,10.51,10.08,10.35,5.88,0.00,19.45
"M8",0,11,12,13.01,11.22,11.51,6.50,0.00,26.36
"M8",0,11,13,15.62,12.29,12.61,7.12,0.00,34.61
"M8",0,11,14,18.28,13.30,13.65,7.72,0.05,49.72
"M8",0,11,15,20.98,14.25,14.62,8.30,0.41,65.15
"M8",0,11,16,23.68,15.14,15.53,8.88,1.67,78.90
"M8",0,11,17,26.38,15.98,16.39,9.43,4.23,93.33
"M8",0,11,18,29.05,16.77,17.20,9.97,8.11,110.39
"M8",0,11,19,31.68,17.51,17.96,10.49,13.53,127.46
"M8",0,11,20,34.27,18.21,18.68,11.00,20.62,143.87
"M8",0,11,21,36.80,18.87,19.36,11.49,29.16,159.43
"M8",0,11,22,39.28,19.50,20.00,11.96,39.86,175.95
"M8",0,11,23,41.71,20.09,20.61,12.42,52.68,196.05
"M8",0,11,24,44.07,20.65,21.19,12.86,66.98,216.48
"M8",0,11,25,46.38,21.18,21.73,13.28,82.05,236.75
"M8",0,11,26,48.62,21.68,22.25,13.69,97.70,256.65
"M8",0,11,27,50.80,22.16,22.75,14.08,114.09,276.49
"M8",0,11,28,52.92,22.62,23.22,14.46,130.59,295.59
"M8",0,11,29,54.99,23.06,23.67,14.83,146.94,314.04
"M8",0,11,30,56.99,23.47,24.09,15.18,164.71,334.52
"M8",0,11,31,58.94,23.87,24.50,15.52,182.97,355.04
"M8",0,11,32,60.84,24.25,24.89,15.85,200.71,375.00
"M8",0,11,33,62.68,24.61,25.27,16.16,218.50,394.37
"M8",0,11,34,64.47,24.96,25.63,16.47,236.84,413.80
"M8",0,11,35,66.21,25.29,25.97,16.76,253.77,431.88
"M8",0,11,35,0.00,0.00,0.00,0.00,0.00,0.00
"M8",0,16,1,0.00,0.00,0.00,0.33,0.00,0.00
"M8",0,16,2,0.01,0.27,0.27,0.91,0.00,0.00
"M8",0,16,3,0.16,1.28,1.30,1.63,0.00,0.00
"M8",0,16,4,0.83,2.87,2.91,2.44,0.00,0.00
"M8",0,16,5,2.27,4.73,4.81,3.31,0.00,0.00
"M8",0,16,6,4.49,6.65,6.76,4.22,0.00,4.10
"M8",0,16,7,7.37,8.51,8.66,5.16,0.00,5.45
"M8",0,16,8,10.75,10.28,10.46,6.10,0.00,22.65
"M8",0,16,9,14.47,11.92,12.14,7.04,0.00,32.33
"M8",0,16,10,18.42,13.44,13.70,7.97,0.00,50.14
"M8",0,16,11,22.48,14.84,15.13,8.89,0.24,78.06
"M8",0,16,12,26.58,16.14,16.45,9.78,2.75,99.23
"M8",0,16,13,30.67,17.33,17.68,10.66,9.35,127.00
"M8",0,16,14,34.71,18.43,18.80,11.50,19.43,155.79
"M8",0,16,15,38.67,19.44,19.85,12.32,34.03,182.03
"M8",0,16,16,42.53,20.38,20.81,13.12,54.81,212.28
"M8",0,16,17,46.29,21.26,21.71,13.88,80.84,248.41
"M8",0,16,18,49.92,22.07,22.55,14.61,109.89,284.76
"M8",0,16,19,53.44,22.83,23.33,15.32,140.36,320.40
"M8",0,16,20,56.84,23.53,24.06,16.00,170.98,354.36
"M8",0,16,21,60.12,24.20,24.75,16.65,204.80,392.44
"M8",0,16,22,63.28,24.82,25.39,17.28,238.76,429.79
"M8",0,16,23,66.32,25.40,25.99,17.88,273.46,467.12
"M8",0,16,24,69.25,25.95,26.56,18.45,307.37,502.53
"M8",0,16,25,72.08,26.47,27.10,19.00,341.49,537.39
"M8",0,16,26,74.80,26.96,27.60,19.53,374.70,571.14
"M8",0,16,27,77.42,27.42,28.08,20.03,409.73,607.27
"M8",0,16,28,79.95,27.85,28.54,20.52,444.54,643.37
"M8",0,16,29,82.39,28.27,28.97,20.98,480.54,680.34
"M8",0,16,30,84.74,28.66,29.38,21.42,515.18,715.76
"M8",0,16,31,87.01,29.04,29.77,21.85,549.77,750.78
"M8",0,16,32,89.19,29.40,30.14,22.26,583.48,784.86
"M8",0,16,33,91.31,29.74,30.50,22.65,615.74,817.41
"M8",0,16,34,93.35,30.06,30.84,23.03,648.09,849.82
"M8",0,16,35,95.32,30.37,31.16,23.39,679.53,881.46
"M8",0,16,35,0.00,0.00,0.00,0.00,0.00,0.00
"M8",0,21,1,0.00,0.02,0.02,0.47,0.00,0.00
"M8",0,21,2,0.06,0.77,0.78,1.30,0.00,0.00
"M8",0,21,3,0.74,2.72,2.74,2.32,0.00,0.00
"M8",0,21,4,2.72,5.22,5.27,3.46,0.00,0.00
"M8",0,21,5,6.10,7.80,7.88,4.68,0.00,4.70
"M8",0,21,6,10.57,10.26,10.37,5.93,0.00,24.09
"M8",0,21,7,15.76,12.51,12.67,7.20,0.00,35.90
"M8",0,21,8,21.36,14.56,14.75,8.47,0.00,70.61
"M8",0,21,9,27.15,16.40,16.63,9.72,1.29,104.82
"M8",0,21,10,32.97,18.05,18.33,10.95,11.93,142.37
"M8",0,21,11,38.72,19.55,19.86,12.14,29.17,184.39
"M8",0,21,12,44.32,20.90,21.25,13.29,57.79,223.98
"M8",0,21,13,49.74,22.13,22.51,14.41,101.60,280.53
"M8",0,21,14,54.95,23.25,23.66,15.48,149.68,336.35
"M8",0,21,15,59.95,24.27,24.71,16.51,198.45,388.99
"M8",0,21,16,64.73,25.20,25.68,17.49,252.73,448.64
"M8",0,21,17,69.30,26.06,26.57,18.43,307.61,506.84
"M8",0,21,18,73.65,26.86,27.39,19.33,362.26,563.09
"M8",0,21,19,77.81,27.59,28.15,20.18,415.49,616.69
"M8",0,21,20,81.77,28.27,28.86,21.00,473.77,676.57
"M8",0,21,21,85.55,28.90,29.52,21.78,532.85,737.20
"M8",0,21,22,89.15,29.49,30.13,22.52,591.31,796.73
"M8",0,21,23,92.59,30.05,30.71,23.22,648.09,854.31
"M8",0,21,24,95.88,30.56,31.25,23.89,705.33,911.88
"M8",0,21,25,99.02,31.05,31.76,24.53,758.58,965.41
"M8",0,21,26,102.02,31.50,32.24,25.14,812.60,1019.89
"M8",0,21,27,104.89,31.93,32.69,25.72,867.54,1075.29
"M8",0,21,28,107.64,32.34,33.11,26.27,920.80,1128.72
"M8",0,21,29,110.28,32.72,33.52,26.80,973.73,1181.72
"M8",0,21,30,112.81,33.08,33.90,27.30,1022.32,1230.53
"M8",0,21,31,115.23,33.43,34.26,27.78,1070.06,1278.21
"M8",0,21,32,117.56,33.75,34.61,28.24,1116.49,1324.61
"M8",0,21,33,119.80,34.07,34.93,28.68,1164.45,1372.20
"M8",0,21,34,121.96,34.36,35.25,29.09,1206.96,1414.69
"M8",0,21,35,124.03,34.64,35.54,29.49,1250.34,1458.09
"M8",0,21,35,0.00,0.00,0.00,0.00,0.00,0.00
"M8",0,26,1,0.00,0.10,0.10,0.65,0.00,0.00
"M8",0,26,2,0.30,1.75,1.75,1.78,0.00,0.00
"M8",0,26,3,2.35,4.87,4.89,3.15,0.00,0.00
"M8",0,26,4,6.81,8.28,8.33,4.66,0.00,4.68
"M8",0,26,5,13.12,11.48,11.56,6.26,0.00,31.28
"M8",0,26,6,20.52,14.34,14.46,7.89,0.00,50.38
"M8",0,26,7,28.41,16.85,17.01,9.52,0.43,110.71
"M8",0,26,8,36.40,19.05,19.26,11.12,18.69,162.85
"M8",0,26,9,44.25,20.98,21.23,12.69,45.79,214.15
"M8",0,26,10,51.83,22.68,22.98,14.21,109.18,290.09
"M8",0,26,11,59.07,24.20,24.53,15.67,180.52,369.36
"M8",0,26,12,65.94,25.54,25.92,17.07,255.05,448.18
"M8",0,26,13,72.44,26.75,27.16,18.40,334.67,532.42
"M8",0,26,14,78.56,27.84,28.29,19.67,413.83,612.41
"M8",0,26,15,84.33,28.82,29.31,20.87,495.31,694.82
"M8",0,26,16,89.77,29.71,30.24,22.01,584.13,785.76
"M8",0,26,17,94.89,30.53,31.09,23.09,671.59,874.29
"M8",0,26,18,99.72,31.28,31.87,24.12,756.98,960.25
"M8",0,26,19,104.28,31.96,32.59,25.08,840.18,1043.64
"M8",0,26,20,108.58,32.60,33.26,26.00,924.65,1129.07
"M8",0,26,21,112.65,33.18,33.87,26.87,1008.24,1213.27
"M8",0,26,22,116.50,33.73,34.45,27.68,1087.40,1292.76
"M8",0,26,23,120.14,34.24,34.98,28.46,1163.32,1368.94
"M8",0,26,24,123.60,34.71,35.48,29.19,1237.37,1442.97
"M8",0,26,25,126.89,35.15,35.95,29.89,1310.79,1516.34
"M8",0,26,26,130.01,35.56,36.39,30.54,1383.72,1589.84
"M8",0,26,27,132.99,35.95,36.80,31.17,1455.72,1662.37
"M8",0,26,28,135.82,36.32,37.19,31.76,1522.26,1729.58
"M8",0,26,29,138.52,36.66,37.56,32.32,1591.67,1799.09
"M8",0,26,30,141.10,36.99,37.91,32.85,1655.35,1863.34
"M8",0,26,31,143.57,37.30,38.24,33.35,1720.26,1928.28
"M8",0,26,32,145.93,37.59,38.55,33.83,1777.61,1986.15
"M8",0,26,33,148.18,37.87,38.85,34.29,1837.08,2045.61
"M8",0,26,34,150.35,38.13,39.13,34.73,1892.57,2101.39
"M8",0,26,35,152.43,38.38,39.40,35.14,1947.04,2156.13
"M8",0,26,35,0.00,0.00,0.00,0.00,0.00,0.00
"M8",0,7,1,0.00,0.00,0.00,0.13,0.00,0.00
"M8",0,7,2,0.00,0.01,0.01,0.35,0.00,0.00
"M8",0,7,3,0.00,0.11,0.12,0.62,0.00,0.00
"M8",0,7,4,0.02,0.41,0.45,0.94,0.00,0.00
"M8",0,7,5,0.10,0.94,1.02,1.29,0.00,0.00
"M8",0,7,6,0.31,1.66,1.77,1.65,0.00,0.00
"M8",0,7,7,0.68,2.49,2.63,2.04,0.00,0.00
"M8",0,7,8,1.25,3.40,3.57,2.43,0.00,0.00
"M8",0,7,9,2.03,4.34,4.54,2.83,0.00,0.23
"M8",0,7,10,2.99,5.29,5.52,3.23,0.00,2.17
"M8",0,7,11,4.13,6.23,6.48,3.63,0.00,2.98
"M8",0,7,12,5.41,7.14,7.42,4.03,0.00,3.83
"M8",0,7,13,6.82,8.03,8.33,4.43,0.00,5.69
"M8",0,7,14,8.32,8.88,9.21,4.82,0.00,9.93
"M8",0,7,15,9.91,9.70,10.05,5.20,0.00,14.91
"M8",0,7,16,11.56,10.49,10.85,5.58,0.00,19.33
"M8",0,7,17,13.25,11.23,11.62,5.95,0.00,23.34
"M8",0,7,18,14.97,11.95,12.35,6.31,0.00,29.43
"M8",0,7,19,16.71,12.63,13.05,6.66,0.04,37.12
"M8",0,7,20,18.46,13.28,13.71,7.00,0.20,45.29
"M8",0,7,21,20.21,13.90,14.35,7.33,0.57,53.41
"M8",0,7,22,21.95,14.49,14.95,7.66,1.23,61.09
"M8",0,7,23,23.68,15.06,15.53,7.97,2.31,68.48
"M8",0,7,24,25.39,15.60,16.08,8.27,3.73,77.09
"M8",0,7,25,27.09,16.11,16.61,8.57,5.53,86.08
"M8",0,7,26,28.76,16.60,17.12,8.85,8.01,95.18
"M8",0,7,27,30.41,17.08,17.60,9.13,10.86,104.09
"M8",0,7,28,32.02,17.53,18.06,9.40,14.26,112.76
"M8",0,7,29,33.62,17.96,18.50,9.66,18.14,121.18
"M8",0,7,30,35.18,18.38,18.93,9.91,22.67,129.47
"M8",0,7,31,36.71,18.77,19.34,10.15,27.50,137.52
"M8",0,7,32,38.21,19.16,19.73,10.38,32.81,146.47
"M8",0,7,33,39.68,19.52,20.11,10.61,38.88,156.46
"M8",0,7,34,41.13,19.88,20.47,10.83,45.19,166.27
"M8",0,7,35,42.54,20.22,20.82,11.04,52.18,176.66
"M8",0,7,35,0.00,0.00,0.00,0.00,0.00,0.00
"M8",1,11,1,0.00,0.00,0.00,0.21,0.00,0.00
"M8",1,11,2,0.00,0.13,0.13,0.58,0.00,0.00
"M8",1,11,3,0.06,0.74,0.76,1.04,0.00,0.00
"M8",1,11,4,0.34,1.81,1.85,1.56,0.00,0.00
"M8",1,11,5,1.02,3.15,3.22,2.12,0.00,0.00
"M8",1,11,6,2.17,4.59,4.70,2.72,0.00,0.02
"M8",1,11,7,3.75,6.03,6.18,3.34,0.00,2.98
"M8",1,11,8,5.69,7.43,7.61,3.97,0.00,3.80
"M8",1,11,9,7.90,8.76,8.97,4.61,0.00,6.63
"M8",1,11,10,10.31,10.01,10.25,5.24,0.00,17.19
"M8",1,11,11,12.85,11.17,11.44,5.87,0.00,24.00
"M8",1,11,12,15.47,12.26,12.55,6.50,0.00,30.91
"M8",1,11,13,18.12,13.26,13.58,7.11,0.02,45.09
"M8",1,11,14,20.77,14.20,14.55,7.71,0.22,60.27
"M8",1,11,15,23.40,15.07,15.44,8.30,1.17,73.67
"M8",1,11,16,26.00,15.88,16.27,8.87,3.17,86.50
"M8",1,11,17,28.55,16.64,17.05,9.43,6.52,102.61
"M8",1,11,18,31.04,17.35,17.78,9.97,11.13,119.05
"M8",1,11,19,33.46,18.01,18.46,10.49,17.04,134.68
"M8",1,11,20,35.82,18.63,19.10,11.00,24.43,149.60
"M8",1,11,21,38.11,19.21,19.70,11.49,33.18,163.74
"M8",1,11,22,40.33,19.76,20.27,11.96,43.92,180.78
"M8",1,11,23,42.48,20.28,20.80,12.42,56.06,199.46
"M8",1,11,24,44.56,20.76,21.30,12.86,69.08,218.35
"M8",1,11,25,46.57,21.23,21.78,13.29,83.04,237.28
"M8",1,11,26,48.52,21.66,22.23,13.70,96.95,255.32
"M8",1,11,27,50.40,22.07,22.66,14.09,111.44,273.00
"M8",1,11,28,52.22,22.47,23.06,14.47,126.11,290.26
"M8",1,11,29,53.98,22.84,23.45,14.84,140.00,306.54
"M8",1,11,30,55.69,23.19,23.82,15.20,155.02,323.54
"M8",1,11,31,57.34,23.53,24.17,15.54,170.79,342.08
"M8",1,11,32,58.93,23.85,24.50,15.87,186.43,360.05
"M8",1,11,33,60.48,24.16,24.82,16.18,201.02,376.65
"M8",1,11,34,61.97,24.46,25.12,16.49,216.66,393.78
"M8",1,11,35,63.42,24.74,25.42,16.78,231.94,410.45
"M8",1,11,35,0.00,0.00,0.00,0.00,0.00,0.00
"M8",1,16,1,0.00,0.01,0.01,0.35,0.00,0.00
"M8",1,16,2,0.03,0.57,0.58,0.98,0.00,0.00
"M8",1,16,3,0.44,2.11,2.13,1.74,0.00,0.00
"M8",1,16,4,1.73,4.15,4.19,2.60,0.00,0.00
"M8",1,16,5,3.98,6.29,6.37,3.51,0.00,3.35
"M8",1,16,6,7.04,8.36,8.47,4.46,0.00,4.45
"M8",1,16,7,10.66,10.27,10.42,5.42,0.00,20.81
"M8",1,16,8,14.61,12.01,12.20,6.38,0.00,30.11
"M8",1,16,9,18.73,13.59,13.81,7.33,0.00,46.53
"M8",1,16,10,22.91,15.02,15.28,8.26,0.11,75.29
"M8",1,16,11,27.07,16.31,16.60,9.17,2.33,95.71
"M8",1,16,12,31.14,17.49,17.81,10.06,8.84,122.16
"M8",1,16,13,35.09,18.56,18.91,10.91,18.29,149.98
"M8",1,16,14,38.92,19.53,19.91,11.74,31.63,174.69
"M8",1,16,15,42.59,20.42,20.83,12.53,50.14,201.20
"M8",1,16,16,46.12,21.24,21.67,13.28,74.46,235.27
"M8",1,16,17,49.50,22.00,22.45,14.01,100.74,269.02
"M8",1,16,18,52.73,22.69,23.17,14.70,127.73,301.48
"M8",1,16,19,55.81,23.34,23.84,15.37,154.95,332.00
"M8",1,16,20,58.76,23.94,24.47,16.00,183.75,363.86
"M8",1,16,21,61.58,24.50,25.04,16.60,213.43,397.44
"M8",1,16,22,64.27,25.02,25.59,17.18,243.51,430.56
"M8",1,16,23,66.85,25.51,26.09,17.73,272.49,461.54
"M8",1,16,24,69.31,25.96,26.57,18.25,301.34,491.68
"M8",1,16,25,71.66,26.39,27.02,18.75,328.61,519.66
"M8",1,16,26,73.92,26.80,27.44,19.23,355.62,546.82
"M8",1,16,27,76.08,27.18,27.84,19.68,381.37,572.45
"M8",1,16,28,78.15,27.54,28.21,20.12,411.25,603.97
"M8",1,16,29,80.13,27.88,28.57,20.53,439.05,633.13
"M8",1,16,30,82.04,28.20,28.91,20.92,468.80,663.47
"M8",1,16,31,83.87,28.51,29.23,21.30,495.45,691.11
"M8",1,16,32,85.63,28.80,29.53,21.66,521.82,718.10
"M8",1,16,33,87.32,29.08,29.82,22.01,546.91,743.85
"M8",1,16,34,88.95,29.34,30.10,22.33,571.65,768.76
"M8",1,16,35,90.52,29.59,30.36,22.65,596.54,793.72
"M8",1,16,35,0.00,0.00,0.00,0.00,0.00,0.00
"M8",1,21,1,0.00,0.09,0.09,0.56,0.00,0.00
"M8",1,21,2,0.26,1.62,1.62,1.53,0.00,0.00
"M8",1,21,3,1.94,4.42,4.44,2.70,0.00,0.00
"M8",1,21,4,5.51,7.45,7.49,3.99,0.00,3.91
"M8",1,21,5,10.51,10.27,10.35,5.33,0.00,23.29
"M8",1,21,6,16.32,12.77,12.89,6.68,0.00,34.19
"M8",1,21,7,22.46,14.97,15.13,8.03,0.00,75.62
"M8",1,21,8,28.65,16.88,17.08,9.34,1.34,106.30
"M8",1,21,9,34.71,18.57,18.80,10.62,14.29,146.62
"M8",1,21,10,40.55,20.05,20.32,11.84,31.86,187.18
"M8",1,21,11,46.11,21.36,21.67,13.00,63.13,227.47
"M8",1,21,12,51.37,22.52,22.88,14.11,108.28,283.92
"M8",1,21,13,56.34,23.57,23.96,15.16,154.33,336.25
"M8",1,21,14,61.02,24.51,24.93,16.15,199.64,384.10
"M8",1,21,15,65.42,25.36,25.81,17.08,249.44,438.97
"M8",1,21,16,69.56,26.14,26.62,17.96,298.73,491.34
"M8",1,21,17,73.46,26.85,27.35,18.79,345.67,539.62
"M8",1,21,18,77.13,27.49,28.03,19.57,390.90,584.35
"M8",1,21,19,80.59,28.09,28.65,20.31,436.88,630.69
"M8",1,21,20,83.86,28.64,29.23,21.00,486.89,682.48
"M8",1,21,21,86.95,29.15,29.76,21.65,534.69,731.67
"M8",1,21,22,89.87,29.62,30.25,22.26,581.50,779.26
"M8",1,21,23,92.63,30.06,30.72,22.84,626.82,824.90
"M8",1,21,24,95.25,30.47,31.15,23.39,669.17,867.26
"M8",1,21,25,97.74,30.85,31.55,23.90,710.11,907.97
"M8",1,21,26,100.10,31.21,31.93,24.38,747.56,945.34
"M8",1,21,27,102.35,31.55,32.29,24.84,788.49,986.66
"M8",1,21,28,104.49,31.87,32.62,25.27,827.91,1026.20
"M8",1,21,29,106.54,32.17,32.94,25.68,865.50,1064.16
"M8",1,21,30,108.49,32.45,33.24,26.07,901.79,1100.31
"M8",1,21,31,110.35,32.72,33.53,26.44,935.56,1134.01
"M8",1,21,32,112.13,32.97,33.80,26.79,968.35,1166.60
"M8",1,21,33,113.84,33.21,34.05,27.12,999.55,1197.61
"M8",1,21,34,115.47,33.44,34.30,27.43,1029.60,1227.43
"M8",1,21,35,117.04,33.66,34.53,27.73,1058.61,1256.04
"M8",1,21,35,0.00,0.00,0.00,0.00,0.00,0.00
"M8",1,26,1,0.02,0.40,0.40,0.87,0.00,0.00
"M8",1,26,2,1.28,3.60,3.61,2.35,0.00,0.00
"M8",1,26,3,6.04,7.83,7.85,4.09,0.00,4.02
"M8",1,26,4,13.55,11.70,11.75,5.95,0.00,30.69
"M8",1,26,5,22.29,14.98,15.07,7.82,0.00,79.61
"M8",1,26,6,31.29,17.73,17.85,9.66,0.79,119.54
"M8",1,26,7,40.04,20.02,20.20,11.42,28.07,185.95
"M8",1,26,8,48.32,21.97,22.19,13.09,63.20,236.10
"M8",1,26,9,56.03,23.63,23.89,14.67,145.12,329.12
"M8",1,26,10,63.17,25.06,25.37,16.13,215.74,403.48
"M8",1,26,11,69.75,26.31,26.65,17.50,293.32,485.41
"M8",1,26,12,75.82,27.40,27.79,18.76,369.40,564.13
"M8",1,26,13,81.42,28.37,28.80,19.93,438.73,631.99
"M8",1,26,14,86.58,29.23,29.70,21.01,513.77,707.54
"M8",1,26,15,91.37,30.00,30.51,22.01,591.99,787.36
"M8",1,26,16,95.80,30.70,31.24,22.94,666.71,862.37
"M8",1,26,17,99.91,31.33,31.90,23.79,735.63,931.23
"M8",1,26,18,103.75,31.91,32.51,24.58,798.93,993.77
"M8",1,26,19,107.32,32.43,33.06,25.32,866.34,1061.56
"M8",1,26,20,110.66,32.92,33.57,26.00,929.98,1125.44
"M8",1,26,21,113.79,33.36,34.04,26.63,988.97,1184.57
"M8",1,26,22,116.73,33.77,34.48,27.22,1045.19,1240.50
"M8",1,26,23,119.49,34.15,34.89,27.77,1097.26,1292.09
"M8",1,26,24,122.09,34.51,35.26,28.28,1146.78,1340.81
"M8",1,26,25,124.54,34.84,35.62,28.76,1190.74,1384.34
"M8",1,26,26,126.86,35.14,35.95,29.20,1237.49,1430.12
"M8",1,26,27,129.05,35.43,36.26,29.62,1283.69,1476.73
"M8",1,26,28,131.13,35.70,36.55,30.01,1330.34,1523.31
"M8",1,26,29,133.11,35.96,36.82,30.38,1371.74,1565.02
"M8",1,26,30,134.98,36.20,37.08,30.72,1414.53,1607.57
"M8",1,26,31,136.77,36.43,37.32,31.05,1452.78,1645.90
"M8",1,26,32,138.47,36.64,37.56,31.35,1489.26,1682.33
"M8",1,26,33,140.09,36.85,37.77,31.64,1525.98,1718.76
"M8",1,26,34,141.64,37.04,37.98,31.91,1557.33,1750.18
"M8",1,26,35,143.12,37.23,38.18,32.17,1591.18,1783.54
"M8",1,26,35,0.00,0.00,0.00,0.00,0.00,0.00
"M8",1,7,1,0.00,0.00,0.00,0.12,0.00,0.00
"M8",1,7,2,0.00,0.02,0.02,0.33,0.00,0.00
"M8",1,7,3,0.00,0.19,0.21,0.60,0.00,0.00
"M8",1,7,4,0.04,0.63,0.68,0.90,0.00,0.00
"M8",1,7,5,0.19,1.32,1.39,1.23,0.00,0.00
"M8",1,7,6,0.51,2.16,2.27,1.59,0.00,0.00
"M8",1,7,7,1.03,3.10,3.24,1.96,0.00,0.00
"M8",1,7,8,1.78,4.08,4.25,2.35,0.00,0.05
"M8",1,7,9,2.73,5.07,5.27,2.74,0.00,1.76
"M8",1,7,10,3.86,6.04,6.27,3.14,0.00,2.53
"M8",1,7,11,5.14,6.98,7.24,3.54,0.00,3.22
"M8",1,7,12,6.55,7.89,8.17,3.94,0.00,4.49
"M8",1,7,13,8.04,8.75,9.05,4.34,0.00,8.15
"M8",1,7,14,9.61,9.57,9.90,4.74,0.00,13.00
"M8",1,7,15,11.23,10.35,10.70,5.13,0.00,17.39
"M8",1,7,16,12.88,11.09,11.45,5.52,0.00,21.44
"M8",1,7,17,14.55,11.79,12.17,5.90,0.00,26.45
"M8",1,7,18,16.22,12.46,12.86,6.27,0.02,33.63
"M8",1,7,19,17.90,13.08,13.50,6.64,0.10,41.43
"M8",1,7,20,19.56,13.68,14.11,7.00,0.35,49.38
"M8",1,7,21,21.20,14.25,14.69,7.35,0.84,57.07
"M8",1,7,22,22.82,14.79,15.25,7.69,1.60,64.41
"M8",1,7,23,24.42,15.30,15.77,8.03,2.75,71.73
"M8",1,7,24,25.99,15.78,16.27,8.35,4.19,80.43
"M8",1,7,25,27.53,16.25,16.75,8.67,6.11,89.25
"M8",1,7,26,29.04,16.69,17.20,8.98,8.57,98.18
"M8",1,7,27,30.52,17.11,17.63,9.28,11.34,106.71
"M8",1,7,28,31.96,17.51,18.04,9.57,14.55,115.15
"M8",1,7,29,33.37,17.89,18.44,9.85,18.16,123.28
"M8",1,7,30,34.75,18.26,18.82,10.13,22.41,131.29
"M8",1,7,31,36.10,18.61,19.18,10.39,26.87,139.03
"M8",1,7,32,37.42,18.95,19.52,10.65,31.48,146.69
"M8",1,7,33,38.70,19.27,19.85,10.90,37.00,156.42
"M8",1,7,34,39.95,19.58,20.17,11.15,42.60,165.79
"M8",1,7,35,41.17,19.88,20.48,11.39,48.67,175.30
"M8",1,7,35,0.00,0.00,0.00,0.00,0.00,0.00
"MG2",0,11,1,0.00,0.00,0.00,0.21,0.00,0.00
"MG2",0,11,2,0.00,0.06,0.06,0.58,0.00,0.00
"MG2",0,11,3,0.02,0.43,0.45,1.04,0.00,0.00
"MG2",0,11,4,0.16,1.23,1.27,1.56,0.00,0.00
"MG2",0,11,5,0.57,2.33,2.40,2.13,0.00,0.00
"MG2",0,11,6,1.35,3.60,3.71,2.73,0.00,0.00
"MG2",0,11,7,2.54,4.94,5.08,3.35,0.00,0.44
"MG2",0,11,8,4.10,6.29,6.47,3.98,0.00,3.60
"MG2",0,11,9,6.00,7.61,7.82,4.61,0.00,4.60
"MG2",0,11,10,8.15,8.87,9.11,5.25,0.00,9.12
"MG2",0,11,11,10.51,10.08,10.35,5.88,0.00,19.45
"MG2",0,11,12,13.01,11.22,11.51,6.50,0.00,26.36
"MG2",0,11,13,15.62,12.29,12.61,7.12,0.00,34.61
"MG2",0,11,14,18.28,13.30,13.65,7.72,0.05,49.72
"MG2",0,11,15,20.98,14.25,14.62,8.30,0.41,65.15
"MG2",0,11,16,23.68,15.14,15.53,8.88,1.67,78.90
"MG2",0,11,17,26.38,15.98,16.39,9.43,4.23,93.33
"MG2",0,11,17,24.25,17.16,17.57,9.43,4.23,86.84
"MG2",0,11,18,26.79,18.04,18.47,9.97,12.40,102.47
"MG2",0,11,19,29.30,18.86,19.31,10.49,19.70,117.04
"MG2",0,11,20,31.77,19.64,20.11,11.00,29.04,131.31
"MG2",0,11,21,34.20,20.38,20.87,11.49,40.65,148.36
"MG2",0,11,22,36.59,21.08,21.58,11.96,54.16,167.20
"MG2",0,11,23,38.92,21.74,22.26,12.42,68.86,185.93
"MG2",0,11,24,41.20,22.36,22.90,12.86,84.02,204.39
"MG2",0,11,25,43.42,22.96,23.51,13.28,100.18,222.83
"MG2",0,11,25,26.81,26.99,27.54,13.28,88.16,141.46
"MG2",0,11,26,28.47,27.82,28.38,13.69,102.02,151.82
"MG2",0,11,27,30.11,28.61,29.19,14.08,115.46,164.92
"MG2",0,11,28,31.72,29.36,29.96,14.46,128.94,178.09
"MG2",0,11,29,33.30,30.09,30.70,14.83,142.80,191.36
"MG2",0,11,30,34.86,30.78,31.40,15.18,157.35,205.45
"MG2",0,11,31,36.38,31.45,32.08,15.52,172.21,219.95
"MG2",0,11,32,37.88,32.09,32.74,15.85,186.95,234.18
"MG2",0,11,33,39.34,32.71,33.36,16.16,200.60,247.43
"MG2",0,11,34,40.78,33.30,33.97,16.47,215.64,261.96
"MG2",0,11,35,42.18,33.87,34.55,16.76,230.56,276.29
"MG2",0,11,35,0.00,0.00,0.00,0.00,0.00,0.00
"MG2",0,16,1,0.00,0.00,0.00,0.33,0.00,0.00
"MG2",0,16,2,0.01,0.27,0.27,0.91,0.00,0.00
"MG2",0,16,3,0.16,1.28,1.30,1.63,0.00,0.00
"MG2",0,16,4,0.83,2.87,2.91,2.44,0.00,0.00
"MG2",0,16,5,2.27,4.73,4.81,3.31,0.00,0.00
"MG2",0,16,6,4.49,6.65,6.76,4.22,0.00,4.10
"MG2",0,16,7,7.37,8.51,8.66,5.16,0.00,5.45
"MG2",0,16,8,10.75,10.28,10.46,6.10,0.00,22.65
"MG2",0,16,9,14.47,11.92,12.14,7.04,0.00,32.33
"MG2",0,16,10,18.42,13.44,13.70,7.97,0.00,50.14
"MG2",0,16,11,22.48,14.84,15.13,8.89,0.24,78.06
"MG2",0,16,12,26.58,16.14,16.45,9.78,2.75,99.23
"MG2",0,16,13,30.67,17.33,17.68,10.66,9.35,127.00
"MG2",0,16,14,34.71,18.43,18.80,11.50,19.43,155.79
"MG2",0,16,15,38.67,19.44,19.85,12.32,34.03,182.03
"MG2",0,16,16,42.53,20.38,20.81,13.12,54.81,212.28
"MG2",0,16,17,46.29,21.26,21.71,13.88,80.84,248.41
"MG2",0,16,17,41.31,22.48,22.93,13.88,80.84,224.77
"MG2",0,16,18,44.74,23.39,23.87,14.61,118.89,256.11
"MG2",0,16,19,48.07,24.24,24.74,15.32,147.65,287.25
"MG2",0,16,20,51.30,25.03,25.56,16.00,179.70,322.13
"MG2",0,16,21,54.43,25.78,26.32,16.65,212.27,356.71
"MG2",0,16,22,57.45,26.48,27.05,17.28,245.12,390.45
"MG2",0,16,23,60.37,27.13,27.72,17.88,277.14,422.85
"MG2",0,16,24,63.19,27.75,28.36,18.45,309.60,455.03
"MG2",0,16,25,65.91,28.34,28.97,19.00,344.00,490.00
"MG2",0,16,25,39.81,32.93,33.56,19.00,249.14,301.82
"MG2",0,16,26,41.89,33.78,34.43,19.53,268.98,322.38
"MG2",0,16,27,43.91,34.58,35.25,20.03,293.85,346.38
"MG2",0,16,28,45.89,35.35,36.03,20.52,319.91,371.76
"MG2",0,16,29,47.82,36.08,36.78,20.98,345.30,396.50
"MG2",0,16,30,49.69,36.78,37.50,21.42,370.22,420.69
"MG2",0,16,31,51.52,37.45,38.18,21.85,395.33,445.09
"MG2",0,16,32,53.31,38.09,38.84,22.26,418.51,467.74
"MG2",0,16,33,55.05,38.71,39.46,22.65,442.88,491.45
"MG2",0,16,34,56.74,39.29,40.07,23.03,466.99,515.06
"MG2",0,16,35,58.39,39.86,40.65,23.39,490.49,538.21
"MG2",0,16,35,0.00,0.00,0.00,0.00,0.00,0.00
"MG2",0,21,1,0.00,0.02,0.02,0.47,0.00,0.00
"MG2",0,21,2,0.06,0.77,0.78,1.30,0.00,0.00
"MG2",0,21,3,0.74,2.72,2.74,2.32,0.00,0.00
"MG2",0,21,4,2.72,5.22,5.27,3.46,0.00,0.00
"MG2",0,21,5,6.10,7.80,7.88,4.68,0.00,4.70
"MG2",0,21,6,10.57,10.26,10.37,5.93,0.00,24.09
"MG2",0,21,7,15.76,12.51,12.67,7.20,0.00,35.90
"MG2",0,21,8,21.36,14.56,14.75,8.47,0.00,70.61
"MG2",0,21,9,27.15,16.40,16.63,9.72,1.29,104.82
"MG2",0,21,10,32.97,18.05,18.33,10.95,11.93,142.37
"MG2",0,21,11,38.72,19.55,19.86,12.14,29.17,184.39
"MG2",0,21,12,44.32,20.90,21.25,13.29,57.79,223.98
"MG2",0,21,13,49.74,22.13,22.51,14.41,101.60,280.53
"MG2",0,21,14,54.95,23.25,23.66,15.48,149.68,336.35
"MG2",0,21,15,59.95,24.27,24.71,16.51,198.45,388.99
"MG2",0,21,16,64.73,25.20,25.68,17.49,252.73,448.64
"MG2",0,21,17,69.30,26.06,26.57,18.43,307.61,506.84
"MG2",0,21,17,62.09,27.61,28.12,18.43,301.37,457.96
"MG2",0,21,18,66.25,28.51,29.04,19.33,353.04,502.23
"MG2",0,21,19,70.24,29.34,29.91,20.18,408.94,559.09
"MG2",0,21,20,74.06,30.12,30.71,21.00,465.84,616.31
"MG2",0,21,21,77.71,30.84,31.46,21.78,521.32,671.86
"MG2",0,21,22,81.20,31.51,32.15,22.52,575.47,725.78
"MG2",0,21,23,84.55,32.14,32.81,23.22,628.46,778.22
"MG2",0,21,24,87.75,32.74,33.42,23.89,683.98,833.62
"MG2",0,21,25,90.81,33.29,34.00,24.53,736.61,886.35
"MG2",0,21,25,55.50,38.92,39.63,24.53,502.42,550.29
"MG2",0,21,26,57.94,39.76,40.49,25.14,527.83,578.84
"MG2",0,21,27,60.31,40.55,41.31,25.72,565.07,615.61
"MG2",0,21,28,62.60,41.31,42.09,26.27,603.66,653.64
"MG2",0,21,29,64.83,42.03,42.83,26.80,640.71,690.22
"MG2",0,21,30,66.98,42.72,43.53,27.30,678.98,727.90
"MG2",0,21,31,69.07,43.37,44.21,27.78,714.80,763.36
"MG2",0,21,32,71.09,44.00,44.85,28.24,752.69,800.83
"MG2",0,21,33,73.05,44.59,45.46,28.68,786.00,833.92
"MG2",0,21,34,74.95,45.17,46.05,29.09,823.71,871.13
"MG2",0,21,35,76.79,45.71,46.61,29.49,855.37,902.65
"MG2",0,21,35,0.00,0.00,0.00,0.00,0.00,0.00
"MG2",0,26,1,0.00,0.10,0.10,0.65,0.00,0.00
"MG2",0,26,2,0.30,1.75,1.75,1.78,0.00,0.00
"MG2",0,26,3,2.35,4.87,4.89,3.15,0.00,0.00
"MG2",0,26,4,6.81,8.28,8.33,4.66,0.00,4.68
"MG2",0,26,5,13.12,11.48,11.56,6.26,0.00,31.28
"MG2",0,26,6,20.52,14.34,14.46,7.89,0.00,50.38
"MG2",0,26,7,28.41,16.85,17.01,9.52,0.43,110.71
"MG2",0,26,8,36.40,19.05,19.26,11.12,18.69,162.85
"MG2",0,26,9,44.25,20.98,21.23,12.69,45.79,214.15
"MG2",0,26,10,51.83,22.68,22.98,14.21,109.18,290.09
"MG2",0,26,11,59.07,24.20,24.53,15.67,180.52,369.36
"MG2",0,26,12,65.94,25.54,25.92,17.07,255.05,448.18
"MG2",0,26,13,72.44,26.75,27.16,18.40,334.67,532.42
"MG2",0,26,14,78.56,27.84,28.29,19.67,413.83,612.41
"MG2",0,26,15,84.33,28.82,29.31,20.87,495.31,694.82
"MG2",0,26,16,89.77,29.71,30.24,22.01,584.13,785.76
"MG2",0,26,17,94.89,30.53,31.09,23.09,671.59,874.29
"MG2",0,26,17,85.31,32.40,32.96,23.09,644.73,791.59
"MG2",0,26,18,90.00,33.26,33.85,24.12,718.92,866.77
"MG2",0,26,19,94.43,34.05,34.67,25.08,798.56,946.48
"MG2",0,26,20,98.64,34.78,35.44,26.00,879.69,1027.09
"MG2",0,26,21,102.62,35.46,36.15,26.87,955.06,1102.08
"MG2",0,26,22,106.40,36.09,36.81,27.68,1029.46,1175.86
"MG2",0,26,23,109.99,36.68,37.42,28.46,1104.83,1251.31
"MG2",0,26,24,113.41,37.23,38.00,29.19,1179.35,1325.88
"MG2",0,26,25,116.66,37.74,38.54,29.89,1250.80,1397.42
"MG2",0,26,25,70.26,43.78,44.59,29.89,804.88,850.37
"MG2",0,26,26,72.95,44.61,45.43,30.54,840.86,891.53
"MG2",0,26,27,75.55,45.38,46.24,31.17,889.48,939.87
"MG2",0,26,28,78.06,46.12,47.00,31.76,942.99,992.82
"MG2",0,26,29,80.48,46.82,47.72,32.32,989.88,1039.39
"MG2",0,26,30,82.81,47.48,48.40,32.85,1037.66,1086.93
"MG2",0,26,31,85.06,48.12,49.06,33.35,1087.76,1136.64
"MG2",0,26,32,87.23,48.72,49.68,33.83,1133.26,1182.06
"MG2",0,26,33,89.33,49.29,50.28,34.29,1177.92,1226.58
"MG2",0,26,34,91.36,49.84,50.84,34.73,1218.00,1266.68
"MG2",0,26,35,93.32,50.36,51.39,35.14,1262.09,1310.60
"MG2",0,26,35,0.00,0.00,0.00,0.00,0.00,0.00
"MG2",0,7,1,0.00,0.00,0.00,0.13,0.00,0.00
"MG2",0,7,2,0.00,0.01,0.01,0.35,0.00,0.00
"MG2",0,7,3,0.00,0.11,0.12,0.62,0.00,0.00
"MG2",0,7,4,0.02,0.41,0.45,0.94,0.00,0.00
"MG2",0,7,5,0.10,0.94,1.02,1.29,0.00,0.00
"MG2",0,7,6,0.31,1.66,1.77,1.65,0.00,0.00
"MG2",0,7,7,0.68,2.49,2.63,2.04,0.00,0.00
"MG2",0,7,8,1.25,3.40,3.57,2.43,0.00,0.00
"MG2",0,7,9,2.03,4.34,4.54,2.83,0.00,0.23
"MG2",0,7,10,2.99,5.29,5.52,3.23,0.00,2.17
"MG2",0,7,11,4.13,6.23,6.48,3.63,0.00,2.98
"MG2",0,7,12,5.41,7.14,7.42,4.03,0.00,3.83
"MG2",0,7,13,6.82,8.03,8.33,4.43,0.00,5.69
"MG2",0,7,14,8.32,8.88,9.21,4.82,0.00,9.93
"MG2",0,7,15,9.91,9.70,10.05,5.20,0.00,14.91
"MG2",0,7,16,11.56,10.49,10.85,5.58,0.00,19.33
"MG2",0,7,17,13.25,11.23,11.62,5.95,0.00,23.34
"MG2",0,7,17,11.56,11.75,12.13,5.95,0.00,22.47
"MG2",0,7,18,13.13,12.53,12.93,6.31,0.02,27.15
"MG2",0,7,19,14.72,13.27,13.69,6.66,0.12,34.27
"MG2",0,7,20,16.33,13.99,14.42,7.00,0.41,41.42
"MG2",0,7,21,17.95,14.67,15.12,7.33,1.01,48.29
"MG2",0,7,22,19.56,15.32,15.78,7.66,1.89,54.81
"MG2",0,7,23,21.17,15.94,16.42,7.97,3.38,62.22
"MG2",0,7,24,22.77,16.54,17.03,8.27,5.21,70.19
"MG2",0,7,25,24.35,17.11,17.61,8.57,7.71,78.27
"MG2",0,7,25,14.77,19.95,20.45,8.57,7.71,49.48
"MG2",0,7,26,15.92,20.71,21.22,8.85,15.52,53.23
"MG2",0,7,27,17.06,21.45,21.97,9.13,20.10,58.67
"MG2",0,7,28,18.19,22.16,22.69,9.40,25.13,64.82
"MG2",0,7,29,19.32,22.84,23.38,9.66,30.36,71.03
"MG2",0,7,30,20.45,23.50,24.05,9.91,36.17,77.46
"MG2",0,7,31,21.56,24.13,24.70,10.15,42.34,83.90
"MG2",0,7,32,22.66,24.75,25.32,10.38,48.13,89.98
"MG2",0,7,33,23.75,25.34,25.92,10.61,54.34,96.24
"MG2",0,7,34,24.83,25.92,26.51,10.83,60.90,102.92
"MG2",0,7,35,25.89,26.47,27.07,11.04,67.46,109.48
"MG2",0,7,35,0.00,0.00,0.00,0.00,0.00,0.00
"MG2",1,11,1,0.00,0.00,0.00,0.21,0.00,0.00
"MG2",1,11,2,0.00,0.13,0.13,0.58,0.00,0.00
"MG2",1,11,3,0.06,0.74,0.76,1.04,0.00,0.00
"MG2",1,11,4,0.34,1.81,1.85,1.56,0.00,0.00
"MG2",1,11,5,1.02,3.15,3.22,2.12,0.00,0.00
"MG2",1,11,6,2.17,4.59,4.70,2.72,0.00,0.02
"MG2",1,11,7,3.75,6.03,6.18,3.34,0.00,2.98
"MG2",1,11,8,5.69,7.43,7.61,3.97,0.00,3.80
"MG2",1,11,9,7.90,8.76,8.97,4.61,0.00,6.63
"MG2",1,11,10,10.31,10.01,10.25,5.24,0.00,17.19
"MG2",1,11,11,12.85,11.17,11.44,5.87,0.00,24.00
"MG2",1,11,12,15.47,12.26,12.55,6.50,0.00,30.91
"MG2",1,11,13,18.12,13.26,13.58,7.11,0.02,45.09
"MG2",1,11,14,20.77,14.20,14.55,7.71,0.22,60.27
"MG2",1,11,15,23.40,15.07,15.44,8.30,1.17,73.67
"MG2",1,11,16,26.00,15.88,16.27,8.87,3.17,86.50
"MG2",1,11,17,28.55,16.64,17.05,9.43,6.52,102.61
"MG2",1,11,17,26.28,17.88,18.29,9.43,6.52,95.54
"MG2",1,11,18,28.66,18.67,19.10,9.97,16.42,109.29
"MG2",1,11,19,30.99,19.41,19.86,10.49,24.33,122.58
"MG2",1,11,20,33.26,20.11,20.58,11.00,34.00,136.55
"MG2",1,11,21,35.46,20.76,21.25,11.49,45.88,154.00
"MG2",1,11,22,37.61,21.37,21.88,11.96,58.97,171.81
"MG2",1,11,23,39.69,21.96,22.48,12.42,72.49,189.03
"MG2",1,11,24,41.70,22.50,23.04,12.86,86.90,206.29
"MG2",1,11,25,43.66,23.02,23.58,13.29,101.16,222.66
"MG2",1,11,25,27.02,27.10,27.65,13.29,89.17,141.85
"MG2",1,11,26,28.52,27.84,28.40,13.70,101.57,150.76
"MG2",1,11,27,29.98,28.54,29.12,14.09,113.87,162.80
"MG2",1,11,28,31.41,29.21,29.81,14.47,126.43,175.09
"MG2",1,11,29,32.81,29.86,30.47,14.84,138.17,186.32
"MG2",1,11,30,34.18,30.47,31.10,15.20,151.06,198.82
"MG2",1,11,31,35.51,31.06,31.70,15.54,163.65,211.24
"MG2",1,11,32,36.82,31.63,32.28,15.87,177.51,224.80
"MG2",1,11,33,38.09,32.17,32.83,16.18,189.93,236.98
"MG2",1,11,34,39.33,32.69,33.36,16.49,202.83,249.46
"MG2",1,11,35,40.55,33.19,33.87,16.78,215.02,261.29
"MG2",1,11,35,0.00,0.00,0.00,0.00,0.00,0.00
"MG2",1,16,1,0.00,0.01,0.01,0.35,0.00,0.00
"MG2",1,16,2,0.03,0.57,0.58,0.98,0.00,0.00
"MG2",1,16,3,0.44,2.11,2.13,1.74,0.00,0.00
"MG2",1,16,4,1.73,4.15,4.19,2.60,0.00,0.00
"MG2",1,16,5,3.98,6.29,6.37,3.51,0.00,3.35
"MG2",1,16,6,7.04,8.36,8.47,4.46,0.00,4.45
"MG2",1,16,7,10.66,10.27,10.42,5.42,0.00,20.81
"MG2",1,16,8,14.61,12.01,12.20,6.38,0.00,30.11
"MG2",1,16,9,18.73,13.59,13.81,7.33,0.00,46.53
"MG2",1,16,10,22.91,15.02,15.28,8.26,0.11,75.29
"MG2",1,16,11,27.07,16.31,16.60,9.17,2.33,95.71
"MG2",1,16,12,31.14,17.49,17.81,10.06,8.84,122.16
"MG2",1,16,13,35.09,18.56,18.91,10.91,18.29,149.98
"MG2",1,16,14,38.92,19.53,19.91,11.74,31.63,174.69
"MG2",1,16,15,42.59,20.42,20.83,12.53,50.14,201.20
"MG2",1,16,16,46.12,21.24,21.67,13.28,74.46,235.27
"MG2",1,16,17,49.50,22.00,22.45,14.01,100.74,269.02
"MG2",1,16,17,44.31,23.30,23.75,14.01,100.74,243.50
"MG2",1,16,18,47.40,24.08,24.57,14.70,135.60,269.72
"MG2",1,16,19,50.36,24.82,25.32,15.37,163.64,300.34
"MG2",1,16,20,53.19,25.50,26.02,16.00,192.50,331.70
"MG2",1,16,21,55.91,26.13,26.68,16.60,221.05,361.50
"MG2",1,16,22,58.52,26.73,27.30,17.18,248.74,389.82
"MG2",1,16,23,61.02,27.28,27.87,17.73,276.48,417.44
"MG2",1,16,24,63.41,27.81,28.41,18.25,302.68,443.36
"MG2",1,16,25,65.71,28.30,28.92,18.75,331.21,472.43
"MG2",1,16,25,39.63,32.86,33.49,18.75,241.02,292.54
"MG2",1,16,26,41.45,33.60,34.24,19.23,257.99,309.81
"MG2",1,16,27,43.21,34.30,34.96,19.68,279.21,330.17
"MG2",1,16,28,44.92,34.97,35.65,20.12,299.65,350.00
"MG2",1,16,29,46.57,35.61,36.30,20.53,321.59,371.41
"MG2",1,16,30,48.18,36.22,36.92,20.92,341.55,390.87
"MG2",1,16,31,49.74,36.79,37.52,21.30,362.17,410.86
"MG2",1,16,32,51.26,37.35,38.08,21.66,381.61,429.79
"MG2",1,16,33,52.73,37.88,38.62,22.01,400.12,447.80
"MG2",1,16,34,54.15,38.38,39.14,22.33,419.28,466.31
"MG2",1,16,35,55.54,38.87,39.64,22.65,436.70,483.24
"MG2",1,16,35,0.00,0.00,0.00,0.00,0.00,0.00
"MG2",1,21,1,0.00,0.09,0.09,0.56,0.00,0.00
"MG2",1,21,2,0.26,1.62,1.62,1.53,0.00,0.00
"MG2",1,21,3,1.94,4.42,4.44,2.70,0.00,0.00
"MG2",1,21,4,5.51,7.45,7.49,3.99,0.00,3.91
"MG2",1,21,5,10.51,10.27,10.35,5.33,0.00,23.29
"MG2",1,21,6,16.32,12.77,12.89,6.68,0.00,34.19
"MG2",1,21,7,22.46,14.97,15.13,8.03,0.00,75.62
"MG2",1,21,8,28.65,16.88,17.08,9.34,1.34,106.30
"MG2",1,21,9,34.71,18.57,18.80,10.62,14.29,146.62
"MG2",1,21,10,40.55,20.05,20.32,11.84,31.86,187.18
"MG2",1,21,11,46.11,21.36,21.67,13.00,63.13,227.47
"MG2",1,21,12,51.37,22.52,22.88,14.11,108.28,283.92
"MG2",1,21,13,56.34,23.57,23.96,15.16,154.33,336.25
"MG2",1,21,14,61.02,24.51,24.93,16.15,199.64,384.10
"MG2",1,21,15,65.42,25.36,25.81,17.08,249.44,438.97
"MG2",1,21,16,69.56,26.14,26.62,17.96,298.73,491.34
"MG2",1,21,17,73.46,26.85,27.35,18.79,345.67,539.62
"MG2",1,21,17,65.74,28.42,28.93,18.79,337.96,488.09
"MG2",1,21,18,69.30,29.17,29.70,19.57,380.36,524.41
"MG2",1,21,19,72.68,29.86,30.42,20.31,428.72,573.25
"MG2",1,21,20,75.87,30.49,31.08,21.00,475.99,620.70
"MG2",1,21,21,78.90,31.08,31.70,21.65,521.08,665.55
"MG2",1,21,22,81.77,31.63,32.27,22.26,563.25,707.29
"MG2",1,21,23,84.50,32.14,32.80,22.84,604.33,747.53
"MG2",1,21,24,87.09,32.62,33.30,23.39,646.37,789.71
"MG2",1,21,25,89.56,33.07,33.77,23.90,688.95,832.09
"MG2",1,21,25,54.57,38.59,39.29,23.90,472.96,519.96
"MG2",1,21,26,56.64,39.31,40.03,24.38,485.30,534.15
"MG2",1,21,27,58.64,39.99,40.73,24.84,516.72,564.96
"MG2",1,21,28,60.56,40.64,41.39,25.27,544.44,592.26
"MG2",1,21,29,62.42,41.25,42.02,25.68,575.56,622.73
"MG2",1,21,30,64.21,41.83,42.62,26.07,600.65,647.46
"MG2",1,21,31,65.93,42.38,43.19,26.44,628.22,674.70
"MG2",1,21,32,67.60,42.91,43.73,26.79,656.75,702.52
"MG2",1,21,33,69.21,43.41,44.25,27.12,679.57,725.09
"MG2",1,21,34,70.77,43.89,44.75,27.43,708.15,753.20
"MG2",1,21,35,72.27,44.35,45.22,27.73,730.72,775.58
"MG2",1,21,35,0.00,0.00,0.00,0.00,0.00,0.00
"MG2",1,26,1,0.02,0.40,0.40,0.87,0.00,0.00
"MG2",1,26,2,1.28,3.60,3.61,2.35,0.00,0.00
"MG2",1,26,3,6.04,7.83,7.85,4.09,0.00,4.02
"MG2",1,26,4,13.55,11.70,11.75,5.95,0.00,30.69
"MG2",1,26,5,22.29,14.98,15.07,7.82,0.00,79.61
"MG2",1,26,6,31.29,17.73,17.85,9.66,0.79,119.54
"MG2",1,26,7,40.04,20.02,20.20,11.42,28.07,185.95
"MG2",1,26,8,48.32,21.97,22.19,13.09,63.20,236.10
"MG2",1,26,9,56.03,23.63,23.89,14.67,145.12,329.12
"MG2",1,26,10,63.17,25.06,25.37,16.13,215.74,403.48
"MG2",1,26,11,69.75,26.31,26.65,17.50,293.32,485.41
"MG2",1,26,12,75.82,27.40,27.79,18.76,369.40,564.13
"MG2",1,26,13,81.42,28.37,28.80,19.93,438.73,631.99
"MG2",1,26,14,86.58,29.23,29.70,21.01,513.77,707.54
"MG2",1,26,15,91.37,30.00,30.51,22.01,591.99,787.36
"MG2",1,26,16,95.80,30.70,31.24,22.94,666.71,862.37
"MG2",1,26,17,99.91,31.33,31.90,23.79,735.63,931.23
"MG2",1,26,17,89.51,33.19,33.76,23.79,699.23,840.86
"MG2",1,26,18,93.31,33.87,34.47,24.58,754.85,897.36
"MG2",1,26,19,96.87,34.49,35.12,25.32,818.44,960.15
"MG2",1,26,20,100.21,35.06,35.72,26.00,876.22,1017.14
"MG2",1,26,21,103.35,35.59,36.28,26.63,930.68,1070.57
"MG2",1,26,22,106.30,36.08,36.79,27.22,980.33,1119.14
"MG2",1,26,23,109.08,36.53,37.27,27.77,1032.66,1171.11
"MG2",1,26,24,111.71,36.95,37.71,28.28,1084.30,1222.68
"MG2",1,26,25,114.20,37.35,38.13,28.76,1135.66,1273.74
"MG2",1,26,25,68.47,43.23,44.01,28.76,737.92,782.05
"MG2",1,26,26,70.70,43.92,44.73,29.20,754.28,802.13
"MG2",1,26,27,72.83,44.57,45.40,29.62,791.60,838.88
"MG2",1,26,28,74.88,45.19,46.03,30.01,825.25,872.13
"MG2",1,26,29,76.85,45.77,46.63,30.38,862.13,908.33
"MG2",1,26,30,78.74,46.32,47.20,30.72,889.13,935.21
"MG2",1,26,31,80.56,46.85,47.74,31.05,921.99,967.51
"MG2",1,26,32,82.31,47.35,48.26,31.35,952.24,997.37
"MG2",1,26,33,83.99,47.82,48.75,31.64,983.82,1028.48
"MG2",1,26,34,85.61,48.27,49.22,31.91,1011.03,1055.51
"MG2",1,26,35,87.17,48.71,49.66,32.17,1037.53,1081.89
"MG2",1,26,35,0.00,0.00,0.00,0.00,0.00,0.00
"MG2",1,7,1,0.00,0.00,0.00,0.12,0.00,0.00
"MG2",1,7,2,0.00,0.02,0.02,0.33,0.00,0.00
"MG2",1,7,3,0.00,0.19,0.21,0.60,0.00,0.00
"MG2",1,7,4,0.04,0.63,0.68,0.90,0.00,0.00
"MG2",1,7,5,0.19,1.32,1.39,1.23,0.00,0.00
"MG2",1,7,6,0.51,2.16,2.27,1.59,0.00,0.00
"MG2",1,7,7,1.03,3.10,3.24,1.96,0.00,0.00
"MG2",1,7,8,1.78,4.08,4.25,2.35,0.00,0.05
"MG2",1,7,9,2.73,5.07,5.27,2.74,0.00,1.76
"MG2",1,7,10,3.86,6.04,6.27,3.14,0.00,2.53
"MG2",1,7,11,5.14,6.98,7.24,3.54,0.00,3.22
"MG2",1,7,12,6.55,7.89,8.17,3.94,0.00,4.49
"MG2",1,7,13,8.04,8.75,9.05,4.34,0.00,8.15
"MG2",1,7,14,9.61,9.57,9.90,4.74,0.00,13.00
"MG2",1,7,15,11.23,10.35,10.70,5.13,0.00,17.39
"MG2",1,7,16,12.88,11.09,11.45,5.52,0.00,21.44
"MG2",1,7,17,14.55,11.79,12.17,5.90,0.00,26.45
"MG2",1,7,17,12.83,12.40,12.78,5.90,0.00,25.55
"MG2",1,7,18,14.38,13.13,13.53,6.27,0.06,31.37
"MG2",1,7,19,15.93,13.83,14.24,6.64,0.26,38.32
"MG2",1,7,20,17.48,14.48,14.92,7.00,0.70,45.12
"MG2",1,7,21,19.01,15.11,15.56,7.35,1.46,51.69
"MG2",1,7,22,20.53,15.71,16.17,7.69,2.60,58.19
"MG2",1,7,23,22.03,16.28,16.75,8.03,4.15,65.96
"MG2",1,7,24,23.52,16.82,17.30,8.35,6.16,73.83
"MG2",1,7,25,24.97,17.33,17.83,8.67,8.72,81.58
"MG2",1,7,25,15.11,20.18,20.68,8.67,8.72,51.33
"MG2",1,7,26,16.17,20.88,21.39,8.98,16.63,54.74
"MG2",1,7,27,17.22,21.55,22.08,9.28,20.89,60.00
"MG2",1,7,28,18.27,22.20,22.73,9.57,25.90,66.11
"MG2",1,7,29,19.30,22.82,23.37,9.85,30.97,72.20
"MG2",1,7,30,20.32,23.42,23.98,10.13,36.51,78.47
"MG2",1,7,31,21.33,24.00,24.56,10.39,42.31,84.81
"MG2",1,7,32,22.32,24.55,25.13,10.65,47.81,90.68
"MG2",1,7,33,23.30,25.09,25.67,10.90,53.73,96.77
"MG2",1,7,34,24.26,25.60,26.20,11.15,59.31,102.42
"MG2",1,7,35,25.20,26.10,26.70,11.39,65.61,109.04
"MG2",1,7,35,0.00,0.00,0.00,0.00,0.00,0.00
