Edad	VCC20	VCC7	thinning	varname	zone	cal
1	0	0	M2	VC	0	11
2	0	0	M2	VC	0	11
3	0	0	M2	VC	0	11
4	0	0	M2	VC	0	11
5	0	0	M2	VC	0	11
6	0	0	M2	VC	0	11
7	0	0.440906970293895	M2	VC	0	11
8	0	3.60066044312207	M2	VC	0	11
9	0	4.59888190106347	M2	VC	0	11
10	0	9.12171922967838	M2	VC	0	11
11	0	19.4531493565335	M2	VC	0	11
12	0	26.3648518828231	M2	VC	0	11
13	0	34.6065661019118	M2	VC	0	11
14	0.0500613601875119	49.7196125380139	M2	VC	0	11
14	0.0500613601875119	46.2481716188739	M2	VC	0	11
15	0.990814164663599	59.2819438985969	M2	VC	0	11
16	3.00975797677865	71.1886261964629	M2	VC	0	11
17	6.58308816592849	86.0174719683168	M2	VC	0	11
18	11.7038312491887	101.126174022565	M2	VC	0	11
19	18.6335367586724	115.71260516444	M2	VC	0	11
20	27.7320026154925	129.932077753861	M2	VC	0	11
21	38.8381417682702	146.301801029143	M2	VC	0	11
22	52.1299198353774	164.949418881462	M2	VC	0	11
22	52.1299198353774	139.313829129088	M2	VC	0	11
23	73.6678055821204	154.250505161445	M2	VC	0	11
24	88.281778190352	169.663388460738	M2	VC	0	11
25	103.367930220448	185.628860626692	M2	VC	0	11
26	119.088570624698	202.131411566943	M2	VC	0	11
27	135.731005024636	219.126103989514	M2	VC	0	11
28	151.857002552429	235.295252111966	M2	VC	0	11
29	167.91739817961	251.481119504423	M2	VC	0	11
30	184.381037452384	267.608469461837	M2	VC	0	11
30	130.309350459269	158.91088478934	M2	VC	0	11
31	139.602582053786	168.400758588615	M2	VC	0	11
32	152.030043420508	180.281548533741	M2	VC	0	11
33	163.238942927909	191.071689419201	M2	VC	0	11
34	175.048761439529	202.394882593765	M2	VC	0	11
35	187.585170449851	214.39182037828	M2	VC	0	11
36	199.150733278242	225.602447573945	M2	VC	0	11
37	210.465716353782	236.565264570918	M2	VC	0	11
38	222.825578896529	248.543153948802	M2	VC	0	11
39	235.110056833488	260.508952064502	M2	VC	0	11
40	246.758097069737	271.774068247575	M2	VC	0	11
40	0	0	M2	VC	0	11
1	0	0	M2	VC	0	16
2	0	0	M2	VC	0	16
3	0	0	M2	VC	0	16
4	0	0	M2	VC	0	16
5	0	0	M2	VC	0	16
6	0	4.09950997518364	M2	VC	0	16
7	0	5.44802311918836	M2	VC	0	16
8	0	22.6491929729962	M2	VC	0	16
9	0	32.3313585920862	M2	VC	0	16
10	0	50.139755369369	M2	VC	0	16
11	0.240840698157582	78.0626402735864	M2	VC	0	16
12	2.75379453336763	99.2324923968198	M2	VC	0	16
13	9.35442612608566	127.001581626691	M2	VC	0	16
14	19.4258890314779	155.791031607951	M2	VC	0	16
14	19.4258890314779	143.122829010306	M2	VC	0	16
15	44.2327340977132	164.186966441155	M2	VC	0	16
16	69.154168899854	196.91039413367	M2	VC	0	16
17	96.5289120174864	229.760713371504	M2	VC	0	16
18	125.642424488526	262.101352683566	M2	VC	0	16
19	155.812960935221	294.600753256967	M2	VC	0	16
20	188.200146629855	329.438750121484	M2	VC	0	16
21	221.588483251831	364.493102588269	M2	VC	0	16
22	254.453768607836	398.200426994221	M2	VC	0	16
22	243.858808162337	336.936281956004	M2	VC	0	16
23	271.739010768239	362.124888855002	M2	VC	0	16
24	303.994591625612	394.124139387231	M2	VC	0	16
25	335.865165798029	425.55828357151	M2	VC	0	16
26	367.313265495561	456.459095603665	M2	VC	0	16
27	397.76735021304	486.275040590246	M2	VC	0	16
28	429.839206228845	517.636637538458	M2	VC	0	16
29	462.223402093112	549.540146028402	M2	VC	0	16
30	492.987087235871	579.788234711479	M2	VC	0	16
30	313.773031877845	339.955245771146	M2	VC	0	16
31	326.697313259099	354.826528569691	M2	VC	0	16
32	347.77842142047	375.581637240735	M2	VC	0	16
33	369.358092722402	396.696619073628	M2	VC	0	16
34	390.676277788546	417.653617168205	M2	VC	0	16
35	411.187914184329	437.808888270774	M2	VC	0	16
36	431.213960020953	457.576568272988	M2	VC	0	16
37	451.36327810766	477.440148113467	M2	VC	0	16
38	470.289285960278	496.180672622194	M2	VC	0	16
39	490.512209353263	516.160501490854	M2	VC	0	16
40	509.385923306437	534.930480231869	M2	VC	0	16
40	0	0	M2	VC	0	16
1	0	0	M2	VC	0	21
2	0	0	M2	VC	0	21
3	0	0	M2	VC	0	21
4	0	0	M2	VC	0	21
5	0	4.70123988949909	M2	VC	0	21
6	0	24.0885855850397	M2	VC	0	21
7	0	35.8974858119865	M2	VC	0	21
8	0	70.6099914016762	M2	VC	0	21
9	1.28554771792901	104.815617594267	M2	VC	0	21
10	11.933954273691	142.373921583384	M2	VC	0	21
11	29.1680462700618	184.393713818227	M2	VC	0	21
12	57.7890749647933	223.975518817414	M2	VC	0	21
13	101.602084213715	280.534787612936	M2	VC	0	21
14	149.680706293525	336.345279210986	M2	VC	0	21
14	149.680706293525	304.733938881937	M2	VC	0	21
15	208.020007818295	354.20657124283	M2	VC	0	21
16	259.157586840319	407.03179577916	M2	VC	0	21
17	309.86014615241	458.011879247383	M2	VC	0	21
18	362.813618165462	510.722549378583	M2	VC	0	21
19	419.645915773184	568.36371022148	M2	VC	0	21
20	477.37136015442	626.278375778341	M2	VC	0	21
21	532.316496934381	681.165410078808	M2	VC	0	21
22	586.490172849846	735.154694254764	M2	VC	0	21
22	523.510559043653	612.382094478506	M2	VC	0	21
23	564.392885775043	655.198717868011	M2	VC	0	21
24	612.294150024898	702.303251082355	M2	VC	0	21
25	658.819202585677	748.07184373638	M2	VC	0	21
26	705.493242859035	793.912576708304	M2	VC	0	21
27	753.79679698789	841.718100572264	M2	VC	0	21
28	800.17451825101	887.693144313519	M2	VC	0	21
29	845.551124296116	932.704030439434	M2	VC	0	21
30	891.864467150067	978.588936082245	M2	VC	0	21
30	543.077993835508	568.587246835135	M2	VC	0	21
31	562.145590001095	590.718213012394	M2	VC	0	21
32	590.978338973741	619.289472309152	M2	VC	0	21
33	626.312227618629	654.096567862469	M2	VC	0	21
34	652.553109155907	680.269927687856	M2	VC	0	21
35	681.540833972184	709.136211711146	M2	VC	0	21
36	707.273668156802	734.69184565564	M2	VC	0	21
37	738.082701272305	765.202732085719	M2	VC	0	21
38	770.23181106384	797.079469912391	M2	VC	0	21
39	795.039747436877	821.890084636687	M2	VC	0	21
40	822.376132190466	848.894381738692	M2	VC	0	21
40	0	0	M2	VC	0	21
1	0	0	M2	VC	0	26
2	0	0	M2	VC	0	26
3	0	0	M2	VC	0	26
4	0	4.68138913287515	M2	VC	0	26
5	0	31.2812736980745	M2	VC	0	26
6	0	50.3752297487336	M2	VC	0	26
7	0.426286305652266	110.706937509824	M2	VC	0	26
8	18.6924427168116	162.848704154429	M2	VC	0	26
9	45.7922179916284	214.15483461827	M2	VC	0	26
10	109.1847050463	290.090494854811	M2	VC	0	26
11	180.516376053312	369.357175917094	M2	VC	0	26
12	255.049412717046	448.177946154684	M2	VC	0	26
13	334.674209822357	532.421269834707	M2	VC	0	26
14	413.833354835745	612.409089438742	M2	VC	0	26
14	402.851869886969	552.30639203688	M2	VC	0	26
15	480.557794618372	628.473415161042	M2	VC	0	26
16	563.550550787421	711.430782825502	M2	VC	0	26
17	643.827345634605	791.043394540249	M2	VC	0	26
18	725.134045448851	872.289224983543	M2	VC	0	26
19	807.133026606879	954.023011377942	M2	VC	0	26
20	886.20287112535	1032.8304791805	M2	VC	0	26
21	963.435412717217	1109.51401740338	M2	VC	0	26
22	1035.32900670161	1181.06289457343	M2	VC	0	26
22	899.686046772367	982.297497236412	M2	VC	0	26
23	956.972037332599	1044.76585467629	M2	VC	0	26
24	1020.75691742384	1108.33751507741	M2	VC	0	26
25	1086.3189031927	1173.3855585913	M2	VC	0	26
26	1148.33134211625	1235.19405819258	M2	VC	0	26
27	1212.64145749122	1299.20583677777	M2	VC	0	26
28	1272.86761267808	1359.27536585053	M2	VC	0	26
29	1328.75232837361	1415.1904270145	M2	VC	0	26
30	1385.59806679921	1471.72018643906	M2	VC	0	26
30	832.314816860232	858.082689397104	M2	VC	0	26
31	865.0735265487	893.596145328668	M2	VC	0	26
32	900.799444860593	929.307126693162	M2	VC	0	26
33	939.270613507379	967.662048161925	M2	VC	0	26
34	978.139599932201	1006.33766027818	M2	VC	0	26
35	1016.05405854457	1044.13115001032	M2	VC	0	26
36	1052.50988091279	1080.53708940068	M2	VC	0	26
37	1087.99619437281	1115.88622893383	M2	VC	0	26
38	1121.25789592167	1149.16613947925	M2	VC	0	26
39	1151.38859519588	1179.28887578787	M2	VC	0	26
40	1191.60916013235	1219.18612600682	M2	VC	0	26
40	0	0	M2	VC	0	26
1	0	0	M2	VC	0	7
2	0	0	M2	VC	0	7
3	0	0	M2	VC	0	7
4	0	0	M2	VC	0	7
5	0	0	M2	VC	0	7
6	0	0	M2	VC	0	7
7	0	0	M2	VC	0	7
8	0	0.00320791023953622	M2	VC	0	7
9	0	0.227729707199877	M2	VC	0	7
10	0	2.16580775112737	M2	VC	0	7
11	0	2.98225000623639	M2	VC	0	7
12	0	3.83249368959487	M2	VC	0	7
13	0	5.69357298874068	M2	VC	0	7
14	0	9.93465532279952	M2	VC	0	7
14	0	9.23974291865328	M2	VC	0	7
15	0	13.6665859190225	M2	VC	0	7
16	0	17.3183960331676	M2	VC	0	7
17	0	21.5011994505133	M2	VC	0	7
18	0.0189162642037012	28.093969169464	M2	VC	0	7
19	0.142265959722567	35.2880786715748	M2	VC	0	7
20	0.493544390134099	42.4478262349478	M2	VC	0	7
21	1.13803509346766	49.2267522005427	M2	VC	0	7
22	2.23024671644833	55.8097112694537	M2	VC	0	7
22	2.23024671644833	49.4950232251897	M2	VC	0	7
23	6.99844885099291	56.0783890496545	M2	VC	0	7
24	10.2368442381993	62.8222647661681	M2	VC	0	7
25	14.2951769449631	69.5347345016148	M2	VC	0	7
26	18.8686867964568	76.1428141251922	M2	VC	0	7
27	24.117430694555	83.3856033650237	M2	VC	0	7
28	30.1533619369394	91.5836749054266	M2	VC	0	7
29	36.6678745383536	99.7957260680089	M2	VC	0	7
30	43.6517067660494	108.266785236347	M2	VC	0	7
30	38.1458172263962	65.9518761186658	M2	VC	0	7
31	44.2178907514263	69.807174124266	M2	VC	0	7
32	50.1235590897096	75.5626339532837	M2	VC	0	7
33	55.8719608923317	81.157634699165	M2	VC	0	7
34	62.261472564218	87.269116848233	M2	VC	0	7
35	68.1134475099486	92.8203005191587	M2	VC	0	7
36	73.8693127811813	98.3003874939529	M2	VC	0	7
37	80.1301513744748	104.246262026259	M2	VC	0	7
38	86.1114778109437	109.890815649237	M2	VC	0	7
39	92.2402099509686	115.742283024388	M2	VC	0	7
40	98.3589717199052	121.591413551631	M2	VC	0	7
40	0	0	M2	VC	0	7
1	0	0	M2	VC	1	11
2	0	0	M2	VC	1	11
3	0	0	M2	VC	1	11
4	0	0	M2	VC	1	11
5	0	0	M2	VC	1	11
6	0	0.0208188124467257	M2	VC	1	11
7	0	2.98151002426263	M2	VC	1	11
8	0	3.80255241989045	M2	VC	1	11
9	0	6.63104554691834	M2	VC	1	11
10	0	17.1926957486684	M2	VC	1	11
11	0	24.0023089798735	M2	VC	1	11
12	0	30.9106309079758	M2	VC	1	11
13	0.0223552780894224	45.0929443225256	M2	VC	1	11
14	0.223039583717169	60.2713595660224	M2	VC	1	11
14	0.223039583717169	55.5160742323902	M2	VC	1	11
15	2.51911090082036	66.7119706828963	M2	VC	1	11
16	5.74138236599529	80.9953978943526	M2	VC	1	11
17	10.1993919619912	95.3616973432826	M2	VC	1	11
18	16.4241831286954	109.287521081643	M2	VC	1	11
19	24.3588742556054	122.63427467959	M2	VC	1	11
20	34.1777544306765	136.789056557168	M2	VC	1	11
21	45.910865887261	154.064512771437	M2	VC	1	11
22	58.9654423146459	171.810472794047	M2	VC	1	11
22	58.9654423146459	145.334023895803	M2	VC	1	11
23	79.2271314524974	158.30146523587	M2	VC	1	11
24	92.5003352866594	172.354789357253	M2	VC	1	11
25	107.184530540095	188.106961550097	M2	VC	1	11
26	121.588464340822	203.309851903498	M2	VC	1	11
27	136.330007423477	218.519957228681	M2	VC	1	11
28	151.30936071739	233.830138569613	M2	VC	1	11
29	165.615590655503	248.107418366617	M2	VC	1	11
30	180.008713807233	262.179403894917	M2	VC	1	11
30	128.170000897681	156.73945502706	M2	VC	1	11
31	136.138145793296	164.6637682492	M2	VC	1	11
32	146.573841771307	174.759185854216	M2	VC	1	11
33	158.021625051733	185.742311931886	M2	VC	1	11
34	168.75901544608	196.050064406925	M2	VC	1	11
35	178.816982202517	205.774392463078	M2	VC	1	11
36	189.555470885437	216.084601560039	M2	VC	1	11
37	199.720169075544	226.000093416151	M2	VC	1	11
38	211.153464231976	237.060059554374	M2	VC	1	11
39	221.426045266752	247.044579488278	M2	VC	1	11
40	230.851233694875	256.22075381464	M2	VC	1	11
40	0	0	M2	VC	1	11
1	0	0	M2	VC	1	16
2	0	0	M2	VC	1	16
3	0	0	M2	VC	1	16
4	0	0	M2	VC	1	16
5	0	3.34708745574524	M2	VC	1	16
6	0	4.44518707772158	M2	VC	1	16
7	0	20.80516471115	M2	VC	1	16
8	0	30.1126403411799	M2	VC	1	16
9	0	46.528614479603	M2	VC	1	16
10	0.109291072148706	75.2916985423173	M2	VC	1	16
11	2.33479848663079	95.7092354175279	M2	VC	1	16
12	8.83889993440674	122.161387208826	M2	VC	1	16
13	18.2942488424683	149.983110116817	M2	VC	1	16
14	31.6308184449058	174.687958817559	M2	VC	1	16
14	31.6308184449058	157.230477187366	M2	VC	1	16
15	59.0204780295144	181.547728075095	M2	VC	1	16
16	83.9490442075152	212.35908809032	M2	VC	1	16
17	109.705861181678	241.94476570559	M2	VC	1	16
18	136.0939943829	270.086515833298	M2	VC	1	16
19	163.796588529203	300.471408885104	M2	VC	1	16
20	193.199606236761	332.205716874895	M2	VC	1	16
21	221.214277634034	361.639262191246	M2	VC	1	16
22	249.484216419534	390.409817979708	M2	VC	1	16
22	239.333963598014	331.013890769496	M2	VC	1	16
23	261.277371725267	349.629002972988	M2	VC	1	16
24	289.073384598256	377.174955657495	M2	VC	1	16
25	316.179009285648	404.209134975698	M2	VC	1	16
26	342.498508361045	430.023062419403	M2	VC	1	16
27	367.374670492221	454.388836501096	M2	VC	1	16
28	392.692544650763	479.087127620898	M2	VC	1	16
29	417.779800731278	503.678265276819	M2	VC	1	16
30	441.707931468872	527.426680455271	M2	VC	1	16
30	291.288219058517	317.488075177662	M2	VC	1	16
31	300.349319170247	327.939070399182	M2	VC	1	16
32	316.547287440369	343.68480455154	M2	VC	1	16
33	334.457165458587	361.286401997286	M2	VC	1	16
34	350.188280598699	376.767958789976	M2	VC	1	16
35	369.311732146705	395.444817147591	M2	VC	1	16
36	385.144489836887	411.057662735977	M2	VC	1	16
37	400.367593812332	426.038706095474	M2	VC	1	16
38	415.257435347733	440.739493647069	M2	VC	1	16
39	431.520241874784	456.734074459759	M2	VC	1	16
40	447.464738416241	472.327732907598	M2	VC	1	16
40	0	0	M2	VC	1	16
1	0	0	M2	VC	1	21
2	0	0	M2	VC	1	21
3	0	0	M2	VC	1	21
4	0	3.90808822331808	M2	VC	1	21
5	0	23.2895002840667	M2	VC	1	21
6	0	34.1856735227686	M2	VC	1	21
7	0	75.6210502430116	M2	VC	1	21
8	1.34020629282164	106.296517636991	M2	VC	1	21
9	14.2919669693077	146.622314617422	M2	VC	1	21
10	31.8644427235753	187.176634532115	M2	VC	1	21
11	63.1323281577357	227.473198910658	M2	VC	1	21
12	108.280044287642	283.923855712059	M2	VC	1	21
13	154.332832495667	336.247800314669	M2	VC	1	21
14	199.637859226623	384.103468292107	M2	VC	1	21
14	196.459038345704	345.519082602999	M2	VC	1	21
15	251.259669844489	394.721983281847	M2	VC	1	21
16	296.142432509143	439.298932999145	M2	VC	1	21
17	338.90499113306	480.719602056999	M2	VC	1	21
18	388.60897274461	531.454347978488	M2	VC	1	21
19	437.965234588347	581.339874207965	M2	VC	1	21
20	484.893738366451	628.223039764895	M2	VC	1	21
21	529.338684775923	672.527395709136	M2	VC	1	21
22	571.780868146634	714.379567945665	M2	VC	1	21
22	511.269775863353	597.060778580516	M2	VC	1	21
23	542.041819125729	629.019240091055	M2	VC	1	21
24	578.733493463758	665.000311973451	M2	VC	1	21
25	614.901068198283	700.229978590993	M2	VC	1	21
26	649.031845225909	733.492146783018	M2	VC	1	21
27	682.179805162183	766.001458736767	M2	VC	1	21
28	718.601884406942	801.973150068898	M2	VC	1	21
29	751.923958151388	835.037678225049	M2	VC	1	21
30	784.986900855658	867.739423286839	M2	VC	1	21
30	488.748663394506	513.589434399062	M2	VC	1	21
31	500.08564193421	527.144353415147	M2	VC	1	21
32	523.853163606541	550.601141355131	M2	VC	1	21
33	542.170868887402	568.858729549562	M2	VC	1	21
34	566.077413891588	592.452195962372	M2	VC	1	21
35	585.042818813303	611.17143192065	M2	VC	1	21
36	609.983583495558	635.745762009147	M2	VC	1	21
37	627.076039895336	652.721694383692	M2	VC	1	21
38	647.614453233757	672.983326022257	M2	VC	1	21
39	662.957962339471	688.309824856882	M2	VC	1	21
40	685.216775340691	710.290722636802	M2	VC	1	21
40	0	0	M2	VC	1	21
1	0	0	M2	VC	1	26
2	0	0	M2	VC	1	26
3	0	4.02124076426838	M2	VC	1	26
4	0	30.69243118052	M2	VC	1	26
5	0	79.6109755407005	M2	VC	1	26
6	0.793165251236106	119.540744065977	M2	VC	1	26
7	28.0695100224598	185.953219286907	M2	VC	1	26
8	63.2018474720338	236.09671987352	M2	VC	1	26
9	145.118493776324	329.121373415754	M2	VC	1	26
10	215.743117481675	403.477718006385	M2	VC	1	26
11	293.318587708458	485.408079234494	M2	VC	1	26
12	369.40028609539	564.126924220697	M2	VC	1	26
13	438.733625249446	631.987973381551	M2	VC	1	26
14	513.774831415121	707.544306967896	M2	VC	1	26
14	499.288074008944	641.433120227441	M2	VC	1	26
15	568.793567359315	711.384316961935	M2	VC	1	26
16	635.583204994698	777.100854515299	M2	VC	1	26
17	704.425826514394	845.366809998419	M2	VC	1	26
18	770.923344228919	911.467864844743	M2	VC	1	26
19	831.766969865854	971.759936131323	M2	VC	1	26
20	890.068222733894	1029.15856567297	M2	VC	1	26
21	943.82162071664	1081.84939131654	M2	VC	1	26
22	994.203732762891	1131.22526764961	M2	VC	1	26
22	867.234740731352	945.753817502661	M2	VC	1	26
23	905.930524738434	988.599939626062	M2	VC	1	26
24	952.530648467961	1034.56230321736	M2	VC	1	26
25	995.820136398414	1077.27112194229	M2	VC	1	26
26	1038.63220716485	1119.50148710118	M2	VC	1	26
27	1080.85578134025	1161.45589837702	M2	VC	1	26
28	1122.1476471135	1202.36565853158	M2	VC	1	26
29	1160.5394583447	1240.48091961735	M2	VC	1	26
30	1197.67879976621	1277.2187329841	M2	VC	1	26
30	737.606184297748	761.85911350458	M2	VC	1	26
31	747.473763518947	773.866722100152	M2	VC	1	26
32	774.712542825703	800.810923410747	M2	VC	1	26
33	803.765800547218	829.644685217979	M2	VC	1	26
34	828.762078957014	854.47712053387	M2	VC	1	26
35	854.377911904597	879.850719452808	M2	VC	1	26
36	874.097669206201	899.524623837407	M2	VC	1	26
37	900.855902216275	926.031319618129	M2	VC	1	26
38	922.05702063069	947.178174152747	M2	VC	1	26
39	946.908906847363	971.838244995681	M2	VC	1	26
40	967.051961977413	991.898919685122	M2	VC	1	26
40	0	0	M2	VC	1	26
1	0	0	M2	VC	1	7
2	0	0	M2	VC	1	7
3	0	0	M2	VC	1	7
4	0	0	M2	VC	1	7
5	0	0	M2	VC	1	7
6	0	0	M2	VC	1	7
7	0	0	M2	VC	1	7
8	0	0.0474584623720605	M2	VC	1	7
9	0	1.75924822659116	M2	VC	1	7
10	0	2.53065682589287	M2	VC	1	7
11	0	3.21738357339251	M2	VC	1	7
12	0	4.49241605222991	M2	VC	1	7
13	0	8.1545613882351	M2	VC	1	7
14	0	13.0049834671004	M2	VC	1	7
14	0	12.2507210959475	M2	VC	1	7
15	0	15.740112230749	M2	VC	1	7
16	0	19.4397777228731	M2	VC	1	7
17	0.0171651137557009	25.4985310946576	M2	VC	1	7
18	0.0748649345221986	32.3563664852179	M2	VC	1	7
19	0.300618437263995	39.3383481239129	M2	VC	1	7
20	0.804613949170616	46.0227581197925	M2	VC	1	7
21	1.62710006203952	52.5350388104762	M2	VC	1	7
22	2.83136388797747	59.4592318812261	M2	VC	1	7
22	2.83136388797747	52.7419044677783	M2	VC	1	7
23	8.45426613903312	59.1099539434989	M2	VC	1	7
24	11.8295639571697	65.5864672062783	M2	VC	1	7
25	15.9617205587306	72.0481721841743	M2	VC	1	7
26	20.56950127485	78.4749444577016	M2	VC	1	7
27	25.7634991291199	85.8797759880996	M2	VC	1	7
28	31.5370302683256	93.8600027782272	M2	VC	1	7
29	37.9496386126142	102.013567784895	M2	VC	1	7
30	44.2801006961598	109.995095034538	M2	VC	1	7
30	38.7296827481959	67.117676483056	M2	VC	1	7
31	44.4274414236466	70.4636842153773	M2	VC	1	7
32	50.1063229230745	76.110542600456	M2	VC	1	7
33	55.8626819739118	81.8012115309917	M2	VC	1	7
34	61.7170829916162	87.4603841258001	M2	VC	1	7
35	67.363022847364	92.9900964342559	M2	VC	1	7
36	72.9817765447741	98.3624106721545	M2	VC	1	7
37	79.1518877113173	104.191265141423	M2	VC	1	7
38	84.5733473616881	109.454078329455	M2	VC	1	7
39	90.2484555173561	114.843011272579	M2	VC	1	7
40	96.1959918030502	120.552333583983	M2	VC	1	7
40	0	0	M2	VC	1	7
1	0	0	M4	VC	0	11
2	0	0	M4	VC	0	11
3	0	0	M4	VC	0	11
4	0	0	M4	VC	0	11
5	0	0	M4	VC	0	11
6	0	0	M4	VC	0	11
7	0	0.440906970293895	M4	VC	0	11
8	0	3.60066044312207	M4	VC	0	11
9	0	4.59888190106347	M4	VC	0	11
10	0	9.12171922967838	M4	VC	0	11
11	0	19.4531493565335	M4	VC	0	11
12	0	26.3648518828231	M4	VC	0	11
13	0	34.6065661019118	M4	VC	0	11
14	0.0500613601875119	49.7196125380139	M4	VC	0	11
15	0.409841520557647	65.1533029420909	M4	VC	0	11
15	0.409841520557647	51.2834575912737	M4	VC	0	11
16	5.74577408055117	61.226021186228	M4	VC	0	11
17	10.8199388385812	73.2706362754138	M4	VC	0	11
18	18.1969545026137	85.3583355868171	M4	VC	0	11
19	27.7431722173815	97.9200377036295	M4	VC	0	11
20	39.7782683534648	113.594066655241	M4	VC	0	11
21	52.9499871795027	129.5097610721	M4	VC	0	11
22	67.1388983628653	145.417409186965	M4	VC	0	11
23	81.8573810114717	161.092888976224	M4	VC	0	11
24	96.8107862523701	176.95327690564	M4	VC	0	11
25	112.80371622652	193.836948781007	M4	VC	0	11
25	0	0	M4	VC	0	11
1	0	0	M4	VC	0	16
2	0	0	M4	VC	0	16
3	0	0	M4	VC	0	16
4	0	0	M4	VC	0	16
5	0	0	M4	VC	0	16
6	0	4.09950997518364	M4	VC	0	16
7	0	5.44802311918836	M4	VC	0	16
8	0	22.6491929729962	M4	VC	0	16
9	0	32.3313585920862	M4	VC	0	16
10	0	50.139755369369	M4	VC	0	16
11	0.240840698157582	78.0626402735864	M4	VC	0	16
12	2.75379453336763	99.2324923968198	M4	VC	0	16
13	9.35442612608566	127.001581626691	M4	VC	0	16
14	19.4258890314779	155.791031607951	M4	VC	0	16
15	34.0328393192061	182.032155983412	M4	VC	0	16
15	34.0328393192061	130.028310166919	M4	VC	0	16
16	64.3995964510948	153.308654529586	M4	VC	0	16
17	88.7309387891888	179.658752441352	M4	VC	0	16
18	113.806659621085	205.794074723185	M4	VC	0	16
19	141.605801768571	234.677766907404	M4	VC	0	16
20	170.180149467277	263.580919479789	M4	VC	0	16
21	198.170623162218	291.352414535194	M4	VC	0	16
22	227.341205220307	319.875541952044	M4	VC	0	16
23	257.942257060595	350.181382758687	M4	VC	0	16
24	290.462787220759	382.353907214396	M4	VC	0	16
25	321.091837164905	412.586821831091	M4	VC	0	16
25	0	0	M4	VC	0	16
1	0	0	M4	VC	0	21
2	0	0	M4	VC	0	21
3	0	0	M4	VC	0	21
4	0	0	M4	VC	0	21
5	0	4.70123988949909	M4	VC	0	21
6	0	24.0885855850397	M4	VC	0	21
7	0	35.8974858119865	M4	VC	0	21
8	0	70.6099914016762	M4	VC	0	21
9	1.28554771792901	104.815617594267	M4	VC	0	21
10	11.933954273691	142.373921583384	M4	VC	0	21
11	29.1680462700618	184.393713818227	M4	VC	0	21
12	57.7890749647933	223.975518817414	M4	VC	0	21
13	101.602084213715	280.534787612936	M4	VC	0	21
14	149.680706293525	336.345279210986	M4	VC	0	21
15	198.448126559115	388.993491719496	M4	VC	0	21
15	179.979439917056	280.054042742627	M4	VC	0	21
16	224.888656521854	321.007758116908	M4	VC	0	21
17	270.486366808095	365.492059996097	M4	VC	0	21
18	319.46238908374	414.174219322176	M4	VC	0	21
19	369.850719760107	463.751905403774	M4	VC	0	21
20	418.444195439534	511.353006197353	M4	VC	0	21
21	466.745677755881	558.748791328244	M4	VC	0	21
22	517.152536534691	608.511988759591	M4	VC	0	21
23	566.540626389861	657.115623232358	M4	VC	0	21
24	614.130073057357	703.942537384689	M4	VC	0	21
25	659.474784412816	748.665198339603	M4	VC	0	21
25	0	0	M4	VC	0	21
1	0	0	M4	VC	0	26
2	0	0	M4	VC	0	26
3	0	0	M4	VC	0	26
4	0	4.68138913287515	M4	VC	0	26
5	0	31.2812736980745	M4	VC	0	26
6	0	50.3752297487336	M4	VC	0	26
7	0.426286305652266	110.706937509824	M4	VC	0	26
8	18.6924427168116	162.848704154429	M4	VC	0	26
9	45.7922179916284	214.15483461827	M4	VC	0	26
10	109.1847050463	290.090494854811	M4	VC	0	26
11	180.516376053312	369.357175917094	M4	VC	0	26
12	255.049412717046	448.177946154684	M4	VC	0	26
13	334.674209822357	532.421269834707	M4	VC	0	26
14	413.833354835745	612.409089438742	M4	VC	0	26
15	495.311954102226	694.81989220247	M4	VC	0	26
15	389.092617070472	484.244610992157	M4	VC	0	26
16	453.648003123084	549.251322351628	M4	VC	0	26
17	523.15184046246	617.473013418081	M4	VC	0	26
18	594.551529841785	687.751892729806	M4	VC	0	26
19	664.674466813626	756.793707761195	M4	VC	0	26
20	731.842606656226	822.921090521769	M4	VC	0	26
21	801.017432796622	891.37821160694	M4	VC	0	26
22	870.358932224965	960.133664179148	M4	VC	0	26
23	937.618082309636	1026.90353962953	M4	VC	0	26
24	1003.1300214441	1091.95590434192	M4	VC	0	26
25	1064.30500885741	1152.86072673355	M4	VC	0	26
25	0	0	M4	VC	0	26
1	0	0	M4	VC	0	7
2	0	0	M4	VC	0	7
3	0	0	M4	VC	0	7
4	0	0	M4	VC	0	7
5	0	0	M4	VC	0	7
6	0	0	M4	VC	0	7
7	0	0	M4	VC	0	7
8	0	0.00320791023953622	M4	VC	0	7
9	0	0.227729707199877	M4	VC	0	7
10	0	2.16580775112737	M4	VC	0	7
11	0	2.98225000623639	M4	VC	0	7
12	0	3.83249368959487	M4	VC	0	7
13	0	5.69357298874068	M4	VC	0	7
14	0	9.93465532279952	M4	VC	0	7
15	0	14.910746187046	M4	VC	0	7
15	0	13.0590726033578	M4	VC	0	7
16	0	14.9402474136662	M4	VC	0	7
17	0.0347260647529539	20.2783781450838	M4	VC	0	7
18	0.169165909672791	26.0383681441779	M4	VC	0	7
19	0.596401104400668	31.6557732323563	M4	VC	0	7
20	1.3833585826279	37.1228794083748	M4	VC	0	7
21	2.72061883405742	43.0332193779903	M4	VC	0	7
22	4.49996361487173	49.5526632840863	M4	VC	0	7
23	7.04578430153585	56.2147822518826	M4	VC	0	7
24	10.4020288896525	63.0125632488494	M4	VC	0	7
25	14.4549127573388	69.7100920803112	M4	VC	0	7
25	0	0	M4	VC	0	7
1	0	0	M4	VC	1	11
2	0	0	M4	VC	1	11
3	0	0	M4	VC	1	11
4	0	0	M4	VC	1	11
5	0	0	M4	VC	1	11
6	0	0.0208188124467257	M4	VC	1	11
7	0	2.98151002426263	M4	VC	1	11
8	0	3.80255241989045	M4	VC	1	11
9	0	6.63104554691834	M4	VC	1	11
10	0	17.1926957486684	M4	VC	1	11
11	0	24.0023089798735	M4	VC	1	11
12	0	30.9106309079758	M4	VC	1	11
13	0.0223552780894224	45.0929443225256	M4	VC	1	11
14	0.223039583717169	60.2713595660224	M4	VC	1	11
15	1.1690756057929	73.6718497967477	M4	VC	1	11
15	1.1690756057929	58.8916061865529	M4	VC	1	11
16	9.55873975245702	68.7903121145622	M4	VC	1	11
17	16.3152953626589	80.3063863922044	M4	VC	1	11
18	25.055395376219	91.5836061350863	M4	VC	1	11
19	36.1389926543566	106.64212699961	M4	VC	1	11
20	48.1471104389298	121.516186450455	M4	VC	1	11
21	60.9599727793686	136.44713623863	M4	VC	1	11
22	74.6535611750199	151.313128684128	M4	VC	1	11
23	87.998536584054	165.648425760028	M4	VC	1	11
24	102.819443221775	181.397409009731	M4	VC	1	11
25	117.560226882762	196.991879987679	M4	VC	1	11
25	0	0	M4	VC	1	11
1	0	0	M4	VC	1	16
2	0	0	M4	VC	1	16
3	0	0	M4	VC	1	16
4	0	0	M4	VC	1	16
5	0	3.34708745574524	M4	VC	1	16
6	0	4.44518707772158	M4	VC	1	16
7	0	20.80516471115	M4	VC	1	16
8	0	30.1126403411799	M4	VC	1	16
9	0	46.528614479603	M4	VC	1	16
10	0.109291072148706	75.2916985423173	M4	VC	1	16
11	2.33479848663079	95.7092354175279	M4	VC	1	16
12	8.83889993440674	122.161387208826	M4	VC	1	16
13	18.2942488424683	149.983110116817	M4	VC	1	16
14	31.6308184449058	174.687958817559	M4	VC	1	16
15	50.1391773915277	201.201537868739	M4	VC	1	16
15	49.3444890310809	144.877982076436	M4	VC	1	16
16	82.1438863430602	169.625447157994	M4	VC	1	16
17	105.075634969885	193.399760455027	M4	VC	1	16
18	130.26442342262	219.638502128934	M4	VC	1	16
19	155.508870004428	245.572099313861	M4	VC	1	16
20	180.940226511139	270.951469609172	M4	VC	1	16
21	206.44802291391	295.797448832949	M4	VC	1	16
22	231.276422874739	319.791419302024	M4	VC	1	16
23	258.045536731111	346.735949440812	M4	VC	1	16
24	286.223566259888	374.756850807105	M4	VC	1	16
25	313.565533892974	402.00416623537	M4	VC	1	16
25	0	0	M4	VC	1	16
1	0	0	M4	VC	1	21
2	0	0	M4	VC	1	21
3	0	0	M4	VC	1	21
4	0	3.90808822331808	M4	VC	1	21
5	0	23.2895002840667	M4	VC	1	21
6	0	34.1856735227686	M4	VC	1	21
7	0	75.6210502430116	M4	VC	1	21
8	1.34020629282164	106.296517636991	M4	VC	1	21
9	14.2919669693077	146.622314617422	M4	VC	1	21
10	31.8644427235753	187.176634532115	M4	VC	1	21
11	63.1323281577357	227.473198910658	M4	VC	1	21
12	108.280044287642	283.923855712059	M4	VC	1	21
13	154.332832495667	336.247800314669	M4	VC	1	21
14	199.637859226623	384.103468292107	M4	VC	1	21
15	249.43510337895	438.974860869244	M4	VC	1	21
15	226.396926884134	321.148247580924	M4	VC	1	21
16	260.086730793424	350.842843416399	M4	VC	1	21
17	304.898395475066	395.454164319115	M4	VC	1	21
18	348.884852283651	438.698479657098	M4	VC	1	21
19	390.764165572034	479.635569919544	M4	VC	1	21
20	430.88814706861	518.54461906334	M4	VC	1	21
21	472.890527507969	560.026346251567	M4	VC	1	21
22	514.234426059063	600.631232330564	M4	VC	1	21
23	552.603372901227	638.328043710894	M4	VC	1	21
24	589.84519082518	674.768716326966	M4	VC	1	21
25	625.279942807961	709.407735958148	M4	VC	1	21
25	0	0	M4	VC	1	21
1	0	0	M4	VC	1	26
2	0	0	M4	VC	1	26
3	0	4.02124076426838	M4	VC	1	26
4	0	30.69243118052	M4	VC	1	26
5	0	79.6109755407005	M4	VC	1	26
6	0.793165251236106	119.540744065977	M4	VC	1	26
7	28.0695100224598	185.953219286907	M4	VC	1	26
8	63.2018474720338	236.09671987352	M4	VC	1	26
9	145.118493776324	329.121373415754	M4	VC	1	26
10	215.743117481675	403.477718006385	M4	VC	1	26
11	293.318587708458	485.408079234494	M4	VC	1	26
12	369.40028609539	564.126924220697	M4	VC	1	26
13	438.733625249446	631.987973381551	M4	VC	1	26
14	513.774831415121	707.544306967896	M4	VC	1	26
15	591.992009711201	787.362913770309	M4	VC	1	26
15	465.443548842678	556.355543108875	M4	VC	1	26
16	515.734323238006	606.508196547429	M4	VC	1	26
17	575.651531405231	665.270353745836	M4	VC	1	26
18	631.764863193208	720.097658534974	M4	VC	1	26
19	684.560769732114	771.488069227491	M4	VC	1	26
20	738.192926056447	823.57198139182	M4	VC	1	26
21	790.678963892747	875.653446719076	M4	VC	1	26
22	843.625410136706	927.933474706174	M4	VC	1	26
23	891.684867959508	975.433441754169	M4	VC	1	26
24	939.036777775426	1022.08801456971	M4	VC	1	26
25	981.458883622492	1063.99298502907	M4	VC	1	26
25	0	0	M4	VC	1	26
1	0	0	M4	VC	1	7
2	0	0	M4	VC	1	7
3	0	0	M4	VC	1	7
4	0	0	M4	VC	1	7
5	0	0	M4	VC	1	7
6	0	0	M4	VC	1	7
7	0	0	M4	VC	1	7
8	0	0.0474584623720605	M4	VC	1	7
9	0	1.75924822659116	M4	VC	1	7
10	0	2.53065682589287	M4	VC	1	7
11	0	3.21738357339251	M4	VC	1	7
12	0	4.49241605222991	M4	VC	1	7
13	0	8.1545613882351	M4	VC	1	7
14	0	13.0049834671004	M4	VC	1	7
15	0	17.3905124838619	M4	VC	1	7
15	0	14.9753334688247	M4	VC	1	7
16	0	17.2749677974171	M4	VC	1	7
17	0.0685022215031123	22.7900125003906	M4	VC	1	7
18	0.314100871546619	28.3602587764579	M4	VC	1	7
19	0.878306516489858	33.6822200900487	M4	VC	1	7
20	1.8784559118451	39.0458218427906	M4	VC	1	7
21	3.25472471733657	45.0300050645512	M4	VC	1	7
22	5.25872923691614	51.6274859429574	M4	VC	1	7
23	7.87773563333179	58.1323244933161	M4	VC	1	7
24	11.0412188257105	64.5447729686052	M4	VC	1	7
25	15.0936658864083	71.0241586406677	M4	VC	1	7
25	0	0	M4	VC	1	7
1	0	0	M8	VC	0	11
2	0	0	M8	VC	0	11
3	0	0	M8	VC	0	11
4	0	0	M8	VC	0	11
5	0	0	M8	VC	0	11
6	0	0	M8	VC	0	11
7	0	0.440906970293895	M8	VC	0	11
8	0	3.60066044312207	M8	VC	0	11
9	0	4.59888190106347	M8	VC	0	11
10	0	9.12171922967838	M8	VC	0	11
11	0	19.4531493565335	M8	VC	0	11
12	0	26.3648518828231	M8	VC	0	11
13	0	34.6065661019118	M8	VC	0	11
14	0.0500613601875119	49.7196125380139	M8	VC	0	11
15	0.409841520557647	65.1533029420909	M8	VC	0	11
16	1.66760941095179	78.8956594048137	M8	VC	0	11
17	4.22734277149565	93.3327617822686	M8	VC	0	11
18	8.11257935663978	110.390699361397	M8	VC	0	11
19	13.5265944238397	127.462518967064	M8	VC	0	11
20	20.6153946408951	143.871888478382	M8	VC	0	11
21	29.163947677721	159.431241211573	M8	VC	0	11
22	39.8550290276506	175.953154707623	M8	VC	0	11
23	52.6823705325217	196.051759670454	M8	VC	0	11
24	66.9821191276439	216.480925225751	M8	VC	0	11
25	82.0483764246819	236.754385966634	M8	VC	0	11
26	97.6968696703767	256.6530492158	M8	VC	0	11
27	114.094933412041	276.490730693325	M8	VC	0	11
28	130.5907317467	295.585263816234	M8	VC	0	11
29	146.941880505977	314.039641929352	M8	VC	0	11
30	164.707436392771	334.518981587356	M8	VC	0	11
31	182.966235101829	355.041255030109	M8	VC	0	11
32	200.711424689174	374.996675536788	M8	VC	0	11
33	218.499854225608	394.371913321859	M8	VC	0	11
34	236.842899495243	413.801707608941	M8	VC	0	11
35	253.771386778755	431.877063234348	M8	VC	0	11
35	0	0	M8	VC	0	11
1	0	0	M8	VC	0	16
2	0	0	M8	VC	0	16
3	0	0	M8	VC	0	16
4	0	0	M8	VC	0	16
5	0	0	M8	VC	0	16
6	0	4.09950997518364	M8	VC	0	16
7	0	5.44802311918836	M8	VC	0	16
8	0	22.6491929729962	M8	VC	0	16
9	0	32.3313585920862	M8	VC	0	16
10	0	50.139755369369	M8	VC	0	16
11	0.240840698157582	78.0626402735864	M8	VC	0	16
12	2.75379453336763	99.2324923968198	M8	VC	0	16
13	9.35442612608566	127.001581626691	M8	VC	0	16
14	19.4258890314779	155.791031607951	M8	VC	0	16
15	34.0328393192061	182.032155983412	M8	VC	0	16
16	54.8134998696247	212.279212426089	M8	VC	0	16
17	80.8365717742391	248.407772680743	M8	VC	0	16
18	109.892530333353	284.757667238297	M8	VC	0	16
19	140.356381799618	320.404487418926	M8	VC	0	16
20	170.976805786125	354.360704836325	M8	VC	0	16
21	204.802639360942	392.44398591902	M8	VC	0	16
22	238.760623592853	429.791248097422	M8	VC	0	16
23	273.458506290952	467.121523049384	M8	VC	0	16
24	307.366263675184	502.532452239848	M8	VC	0	16
25	341.494975173656	537.387607285015	M8	VC	0	16
26	374.700971963922	571.135576615415	M8	VC	0	16
27	409.730102154967	607.273593626569	M8	VC	0	16
28	444.540038921191	643.372960432956	M8	VC	0	16
29	480.535423887769	680.341602015346	M8	VC	0	16
30	515.181757541838	715.759235788334	M8	VC	0	16
31	549.774798220997	750.78176427977	M8	VC	0	16
32	583.480021807987	784.857836434446	M8	VC	0	16
33	615.738189813365	817.406738262175	M8	VC	0	16
34	648.093923645528	849.824077643209	M8	VC	0	16
35	679.52713303139	881.460801333329	M8	VC	0	16
35	0	0	M8	VC	0	16
1	0	0	M8	VC	0	21
2	0	0	M8	VC	0	21
3	0	0	M8	VC	0	21
4	0	0	M8	VC	0	21
5	0	4.70123988949909	M8	VC	0	21
6	0	24.0885855850397	M8	VC	0	21
7	0	35.8974858119865	M8	VC	0	21
8	0	70.6099914016762	M8	VC	0	21
9	1.28554771792901	104.815617594267	M8	VC	0	21
10	11.933954273691	142.373921583384	M8	VC	0	21
11	29.1680462700618	184.393713818227	M8	VC	0	21
12	57.7890749647933	223.975518817414	M8	VC	0	21
13	101.602084213715	280.534787612936	M8	VC	0	21
14	149.680706293525	336.345279210986	M8	VC	0	21
15	198.448126559115	388.993491719496	M8	VC	0	21
16	252.729067453373	448.637465779767	M8	VC	0	21
17	307.606307888384	506.839941380688	M8	VC	0	21
18	362.263116835571	563.090336268293	M8	VC	0	21
19	415.487324372594	616.689767315876	M8	VC	0	21
20	473.768731399919	676.565173364273	M8	VC	0	21
21	532.847627181834	737.195182800957	M8	VC	0	21
22	591.309690768666	796.732576030584	M8	VC	0	21
23	648.09430533812	854.31437036611	M8	VC	0	21
24	705.329289009912	911.879327168873	M8	VC	0	21
25	758.584210211057	965.412392344246	M8	VC	0	21
26	812.602355485908	1019.89311577903	M8	VC	0	21
27	867.540757359515	1075.28683303268	M8	VC	0	21
28	920.796751547439	1128.71866477087	M8	VC	0	21
29	973.727122303787	1181.7198894484	M8	VC	0	21
30	1022.3160674962	1230.53101315224	M8	VC	0	21
31	1070.05656661947	1278.21453991393	M8	VC	0	21
32	1116.48601766564	1324.60863845834	M8	VC	0	21
33	1164.45488875851	1372.20212309945	M8	VC	0	21
34	1206.95809115666	1414.6905388524	M8	VC	0	21
35	1250.33508799992	1458.08531485829	M8	VC	0	21
35	0	0	M8	VC	0	21
1	0	0	M8	VC	0	26
2	0	0	M8	VC	0	26
3	0	0	M8	VC	0	26
4	0	4.68138913287515	M8	VC	0	26
5	0	31.2812736980745	M8	VC	0	26
6	0	50.3752297487336	M8	VC	0	26
7	0.426286305652266	110.706937509824	M8	VC	0	26
8	18.6924427168116	162.848704154429	M8	VC	0	26
9	45.7922179916284	214.15483461827	M8	VC	0	26
10	109.1847050463	290.090494854811	M8	VC	0	26
11	180.516376053312	369.357175917094	M8	VC	0	26
12	255.049412717046	448.177946154684	M8	VC	0	26
13	334.674209822357	532.421269834707	M8	VC	0	26
14	413.833354835745	612.409089438742	M8	VC	0	26
15	495.311954102226	694.81989220247	M8	VC	0	26
16	584.133487268948	785.760005738848	M8	VC	0	26
17	671.593519849952	874.292330045564	M8	VC	0	26
18	756.982619154686	960.24739051165	M8	VC	0	26
19	840.181961105723	1043.63721878412	M8	VC	0	26
20	924.647827385662	1129.06582143049	M8	VC	0	26
21	1008.23968386004	1213.27288147771	M8	VC	0	26
22	1087.40162116137	1292.76355264952	M8	VC	0	26
23	1163.31979574617	1368.93768594167	M8	VC	0	26
24	1237.37399553301	1442.97446489634	M8	VC	0	26
25	1310.79438540628	1516.33588655205	M8	VC	0	26
26	1383.71731043591	1589.8433000879	M8	VC	0	26
27	1455.71837237743	1662.37118835134	M8	VC	0	26
28	1522.25984735149	1729.57687910585	M8	VC	0	26
29	1591.66882466684	1799.09343747332	M8	VC	0	26
30	1655.34539616522	1863.33672549631	M8	VC	0	26
31	1720.26053030607	1928.28229276427	M8	VC	0	26
32	1777.61048290676	1986.15298904834	M8	VC	0	26
33	1837.07903445379	2045.61260889476	M8	VC	0	26
34	1892.57302641321	2101.39422267855	M8	VC	0	26
35	1947.04008415727	2156.12698635091	M8	VC	0	26
35	0	0	M8	VC	0	26
1	0	0	M8	VC	0	7
2	0	0	M8	VC	0	7
3	0	0	M8	VC	0	7
4	0	0	M8	VC	0	7
5	0	0	M8	VC	0	7
6	0	0	M8	VC	0	7
7	0	0	M8	VC	0	7
8	0	0.00320791023953622	M8	VC	0	7
9	0	0.227729707199877	M8	VC	0	7
10	0	2.16580775112737	M8	VC	0	7
11	0	2.98225000623639	M8	VC	0	7
12	0	3.83249368959487	M8	VC	0	7
13	0	5.69357298874068	M8	VC	0	7
14	0	9.93465532279952	M8	VC	0	7
15	0	14.910746187046	M8	VC	0	7
16	0	19.3277985467957	M8	VC	0	7
17	0	23.3400504455295	M8	VC	0	7
18	0	29.4285244018749	M8	VC	0	7
19	0.0408090452705885	37.1207812801146	M8	VC	0	7
20	0.195689821924276	45.2866137769261	M8	VC	0	7
21	0.571158643625352	53.4099988725365	M8	VC	0	7
22	1.23072171411633	61.0864283436303	M8	VC	0	7
23	2.30898856168323	68.4838208154893	M8	VC	0	7
24	3.73404123696691	77.0874576834548	M8	VC	0	7
25	5.53410092657969	86.0790298066176	M8	VC	0	7
26	8.01218030310334	95.1778692990417	M8	VC	0	7
27	10.8612217664496	104.094713249221	M8	VC	0	7
28	14.2612072753445	112.756596435008	M8	VC	0	7
29	18.1435355815494	121.177476787822	M8	VC	0	7
30	22.6660531001149	129.474546303307	M8	VC	0	7
31	27.4980003822758	137.519196671053	M8	VC	0	7
32	32.8126058523916	146.471289736299	M8	VC	0	7
33	38.8846358404363	156.459046489535	M8	VC	0	7
34	45.1890057985892	166.272636476289	M8	VC	0	7
35	52.176553458652	176.658292116605	M8	VC	0	7
35	0	0	M8	VC	0	7
1	0	0	M8	VC	1	11
2	0	0	M8	VC	1	11
3	0	0	M8	VC	1	11
4	0	0	M8	VC	1	11
5	0	0	M8	VC	1	11
6	0	0.0208188124467257	M8	VC	1	11
7	0	2.98151002426263	M8	VC	1	11
8	0	3.80255241989045	M8	VC	1	11
9	0	6.63104554691834	M8	VC	1	11
10	0	17.1926957486684	M8	VC	1	11
11	0	24.0023089798735	M8	VC	1	11
12	0	30.9106309079758	M8	VC	1	11
13	0.0223552780894224	45.0929443225256	M8	VC	1	11
14	0.223039583717169	60.2713595660224	M8	VC	1	11
15	1.1690756057929	73.6718497967477	M8	VC	1	11
16	3.17217854732467	86.4956305547667	M8	VC	1	11
17	6.51829107224552	102.611289015102	M8	VC	1	11
18	11.1340661962721	119.046631990724	M8	VC	1	11
19	17.0441090723153	134.677082315478	M8	VC	1	11
20	24.4310161352169	149.602702342767	M8	VC	1	11
21	33.1770570782894	163.737741868758	M8	VC	1	11
22	43.9201429820863	180.78338935646	M8	VC	1	11
23	56.0607684553112	199.4618459632	M8	VC	1	11
24	69.081456896161	218.347966606464	M8	VC	1	11
25	83.0385930271444	237.276112744227	M8	VC	1	11
26	96.9489691111006	255.315443051178	M8	VC	1	11
27	111.439170814645	272.995380461777	M8	VC	1	11
28	126.109108432727	290.261773848448	M8	VC	1	11
29	140.003775493099	306.535993587936	M8	VC	1	11
30	155.015350030302	323.538897145254	M8	VC	1	11
31	170.785668663809	342.080011498764	M8	VC	1	11
32	186.429507836812	360.052243934121	M8	VC	1	11
33	201.015441181936	376.650352395717	M8	VC	1	11
34	216.663258810417	393.776140969797	M8	VC	1	11
35	231.943084077053	410.445261432531	M8	VC	1	11
35	0	0	M8	VC	1	11
1	0	0	M8	VC	1	16
2	0	0	M8	VC	1	16
3	0	0	M8	VC	1	16
4	0	0	M8	VC	1	16
5	0	3.34708745574524	M8	VC	1	16
6	0	4.44518707772158	M8	VC	1	16
7	0	20.80516471115	M8	VC	1	16
8	0	30.1126403411799	M8	VC	1	16
9	0	46.528614479603	M8	VC	1	16
10	0.109291072148706	75.2916985423173	M8	VC	1	16
11	2.33479848663079	95.7092354175279	M8	VC	1	16
12	8.83889993440674	122.161387208826	M8	VC	1	16
13	18.2942488424683	149.983110116817	M8	VC	1	16
14	31.6308184449058	174.687958817559	M8	VC	1	16
15	50.1391773915277	201.201537868739	M8	VC	1	16
16	74.4556874355586	235.274924401353	M8	VC	1	16
17	100.735378812793	269.019249659759	M8	VC	1	16
18	127.734845911393	301.482388677501	M8	VC	1	16
19	154.948944118015	331.997706071077	M8	VC	1	16
20	183.750775788702	363.861427342771	M8	VC	1	16
21	213.425823175701	397.443145551307	M8	VC	1	16
22	243.508187745135	430.557162912007	M8	VC	1	16
23	272.490134780054	461.537307816371	M8	VC	1	16
24	301.336326517561	491.67556190945	M8	VC	1	16
25	328.609407883489	519.657159724228	M8	VC	1	16
26	355.615483700557	546.824177694714	M8	VC	1	16
27	381.374303430593	572.453096991999	M8	VC	1	16
28	411.250877635233	603.968388457441	M8	VC	1	16
29	439.048743299473	633.127936658702	M8	VC	1	16
30	468.795603226714	663.468663427731	M8	VC	1	16
31	495.453974693001	691.107084700299	M8	VC	1	16
32	521.822117501063	718.101952716002	M8	VC	1	16
33	546.906342623655	743.852221093284	M8	VC	1	16
34	571.645947855777	768.764133225478	M8	VC	1	16
35	596.538514766864	793.719093558819	M8	VC	1	16
35	0	0	M8	VC	1	16
1	0	0	M8	VC	1	21
2	0	0	M8	VC	1	21
3	0	0	M8	VC	1	21
4	0	3.90808822331808	M8	VC	1	21
5	0	23.2895002840667	M8	VC	1	21
6	0	34.1856735227686	M8	VC	1	21
7	0	75.6210502430116	M8	VC	1	21
8	1.34020629282164	106.296517636991	M8	VC	1	21
9	14.2919669693077	146.622314617422	M8	VC	1	21
10	31.8644427235753	187.176634532115	M8	VC	1	21
11	63.1323281577357	227.473198910658	M8	VC	1	21
12	108.280044287642	283.923855712059	M8	VC	1	21
13	154.332832495667	336.247800314669	M8	VC	1	21
14	199.637859226623	384.103468292107	M8	VC	1	21
15	249.43510337895	438.974860869244	M8	VC	1	21
16	298.73404240287	491.33855994876	M8	VC	1	21
17	345.666661986239	539.620308131268	M8	VC	1	21
18	390.903533686062	584.345674503027	M8	VC	1	21
19	436.879879997057	630.690533132425	M8	VC	1	21
20	486.886022460967	682.475527440381	M8	VC	1	21
21	534.689521567616	731.674212113437	M8	VC	1	21
22	581.502846655214	779.264647893457	M8	VC	1	21
23	626.815724693457	824.901784883501	M8	VC	1	21
24	669.167691545298	867.26346789329	M8	VC	1	21
25	710.113917377582	907.972425481909	M8	VC	1	21
26	747.563408928214	945.335306963971	M8	VC	1	21
27	788.485321835965	986.655419930602	M8	VC	1	21
28	827.913878086458	1026.1980339025	M8	VC	1	21
29	865.504912998199	1064.15635175597	M8	VC	1	21
30	901.789758735749	1100.30582810822	M8	VC	1	21
31	935.559204481743	1134.01433679176	M8	VC	1	21
32	968.354021813691	1166.60381607307	M8	VC	1	21
33	999.548940249632	1197.60829532621	M8	VC	1	21
34	1029.601327074	1227.42828414248	M8	VC	1	21
35	1058.60742756131	1256.04076855663	M8	VC	1	21
35	0	0	M8	VC	1	21
1	0	0	M8	VC	1	26
2	0	0	M8	VC	1	26
3	0	4.02124076426838	M8	VC	1	26
4	0	30.69243118052	M8	VC	1	26
5	0	79.6109755407005	M8	VC	1	26
6	0.793165251236106	119.540744065977	M8	VC	1	26
7	28.0695100224598	185.953219286907	M8	VC	1	26
8	63.2018474720338	236.09671987352	M8	VC	1	26
9	145.118493776324	329.121373415754	M8	VC	1	26
10	215.743117481675	403.477718006385	M8	VC	1	26
11	293.318587708458	485.408079234494	M8	VC	1	26
12	369.40028609539	564.126924220697	M8	VC	1	26
13	438.733625249446	631.987973381551	M8	VC	1	26
14	513.774831415121	707.544306967896	M8	VC	1	26
15	591.992009711201	787.362913770309	M8	VC	1	26
16	666.705690892618	862.368125705307	M8	VC	1	26
17	735.634621915771	931.23424645862	M8	VC	1	26
18	798.930072948026	993.769964031681	M8	VC	1	26
19	866.340028116361	1061.56269441076	M8	VC	1	26
20	929.984358998811	1125.44016429078	M8	VC	1	26
21	988.972158962157	1184.5733595601	M8	VC	1	26
22	1045.19403774016	1240.4981828984	M8	VC	1	26
23	1097.2603951365	1292.09215105753	M8	VC	1	26
24	1146.78008733895	1340.8067475158	M8	VC	1	26
25	1190.73831713027	1384.33930578838	M8	VC	1	26
26	1237.49349892039	1430.12103787364	M8	VC	1	26
27	1283.68923510444	1476.73102277059	M8	VC	1	26
28	1330.33527216886	1523.31417744448	M8	VC	1	26
29	1371.7422552988	1565.02080288325	M8	VC	1	26
30	1414.53471567471	1607.56965400158	M8	VC	1	26
31	1452.78303949121	1645.90225455812	M8	VC	1	26
32	1489.25542783238	1682.32729724157	M8	VC	1	26
33	1525.9826532558	1718.75549074639	M8	VC	1	26
34	1557.32786537291	1750.1839949616	M8	VC	1	26
35	1591.18322314096	1783.54197256993	M8	VC	1	26
35	0	0	M8	VC	1	26
1	0	0	M8	VC	1	7
2	0	0	M8	VC	1	7
3	0	0	M8	VC	1	7
4	0	0	M8	VC	1	7
5	0	0	M8	VC	1	7
6	0	0	M8	VC	1	7
7	0	0	M8	VC	1	7
8	0	0.0474584623720605	M8	VC	1	7
9	0	1.75924822659116	M8	VC	1	7
10	0	2.53065682589287	M8	VC	1	7
11	0	3.21738357339251	M8	VC	1	7
12	0	4.49241605222991	M8	VC	1	7
13	0	8.1545613882351	M8	VC	1	7
14	0	13.0049834671004	M8	VC	1	7
15	0	17.3905124838619	M8	VC	1	7
16	0	21.4352619364088	M8	VC	1	7
17	0	26.4501599737106	M8	VC	1	7
18	0.0187562197983013	33.6277543240161	M8	VC	1	7
19	0.101214730511668	41.4301932766058	M8	VC	1	7
20	0.345287516632898	49.3815306653169	M8	VC	1	7
21	0.837738388896228	57.0724481348248	M8	VC	1	7
22	1.5982139970482	64.4092713264693	M8	VC	1	7
23	2.75495818916417	71.7254620048114	M8	VC	1	7
24	4.19459240973981	80.4259268993364	M8	VC	1	7
25	6.10900169516581	89.2526456146193	M8	VC	1	7
26	8.56621800452691	98.1797222888151	M8	VC	1	7
27	11.3382288686398	106.710847032141	M8	VC	1	7
28	14.5489875510579	115.154345402244	M8	VC	1	7
29	18.1580608275085	123.278276857198	M8	VC	1	7
30	22.4071367584982	131.28922386197	M8	VC	1	7
31	26.8658227753755	139.027485431982	M8	VC	1	7
32	31.4799662931845	146.685059604657	M8	VC	1	7
33	36.9994953808566	156.41549323088	M8	VC	1	7
34	42.6016590484619	165.794132371422	M8	VC	1	7
35	48.6729697932138	175.29575208559	M8	VC	1	7
35	0	0	M8	VC	1	7
1	0	0	MG2	VC	0	11
2	0	0	MG2	VC	0	11
3	0	0	MG2	VC	0	11
4	0	0	MG2	VC	0	11
5	0	0	MG2	VC	0	11
6	0	0	MG2	VC	0	11
7	0	0.440906970293895	MG2	VC	0	11
8	0	3.60066044312207	MG2	VC	0	11
9	0	4.59888190106347	MG2	VC	0	11
10	0	9.12171922967838	MG2	VC	0	11
11	0	19.4531493565335	MG2	VC	0	11
12	0	26.3648518828231	MG2	VC	0	11
13	0	34.6065661019118	MG2	VC	0	11
14	0.0500613601875119	49.7196125380139	MG2	VC	0	11
15	0.409841520557647	65.1533029420909	MG2	VC	0	11
16	1.66760941095179	78.8956594048137	MG2	VC	0	11
17	4.22734277149565	93.3327617822686	MG2	VC	0	11
17	4.22734277149565	86.8445338689513	MG2	VC	0	11
18	12.4038513517669	102.469763527192	MG2	VC	0	11
19	19.701812476672	117.040157262949	MG2	VC	0	11
20	29.0408930096797	131.308210740559	MG2	VC	0	11
21	40.6455351019696	148.356330146248	MG2	VC	0	11
22	54.1578876278277	167.195647121644	MG2	VC	0	11
23	68.8557926016972	185.930135195971	MG2	VC	0	11
24	84.0189652126096	204.386731810252	MG2	VC	0	11
25	100.181014671877	222.828299125468	MG2	VC	0	11
25	88.1617426301258	141.45780070493	MG2	VC	0	11
26	102.019753534203	151.8218419408	MG2	VC	0	11
27	115.457470434897	164.919979634549	MG2	VC	0	11
28	128.939763945886	178.089421591106	MG2	VC	0	11
29	142.798994621662	191.355052280352	MG2	VC	0	11
30	157.354022863725	205.451860844032	MG2	VC	0	11
31	172.206582578434	219.945193516282	MG2	VC	0	11
32	186.950448644593	234.180727987946	MG2	VC	0	11
33	200.600627259361	247.428459885283	MG2	VC	0	11
34	215.637225704831	261.955801324829	MG2	VC	0	11
35	230.556669952212	276.294396665416	MG2	VC	0	11
35	0	0	MG2	VC	0	11
1	0	0	MG2	VC	0	16
2	0	0	MG2	VC	0	16
3	0	0	MG2	VC	0	16
4	0	0	MG2	VC	0	16
5	0	0	MG2	VC	0	16
6	0	4.09950997518364	MG2	VC	0	16
7	0	5.44802311918836	MG2	VC	0	16
8	0	22.6491929729962	MG2	VC	0	16
9	0	32.3313585920862	MG2	VC	0	16
10	0	50.139755369369	MG2	VC	0	16
11	0.240840698157582	78.0626402735864	MG2	VC	0	16
12	2.75379453336763	99.2324923968198	MG2	VC	0	16
13	9.35442612608566	127.001581626691	MG2	VC	0	16
14	19.4258890314779	155.791031607951	MG2	VC	0	16
15	34.0328393192061	182.032155983412	MG2	VC	0	16
16	54.8134998696247	212.279212426089	MG2	VC	0	16
17	80.8365717742391	248.407772680743	MG2	VC	0	16
17	80.8365717742391	224.774071770242	MG2	VC	0	16
18	118.893848981583	256.10996831671	MG2	VC	0	16
19	147.652383316854	287.246043822947	MG2	VC	0	16
20	179.699625044641	322.125227394851	MG2	VC	0	16
21	212.273053617526	356.706746004944	MG2	VC	0	16
22	245.122098958493	390.447621356536	MG2	VC	0	16
23	277.144322239806	422.845291474513	MG2	VC	0	16
24	309.595749627033	455.025375284231	MG2	VC	0	16
25	343.999133207481	490.004000488835	MG2	VC	0	16
25	249.144930416338	301.820649504495	MG2	VC	0	16
26	268.977057227247	322.384603642911	MG2	VC	0	16
27	293.852966908247	346.382134561765	MG2	VC	0	16
28	319.908455632742	371.758816933629	MG2	VC	0	16
29	345.301198446639	396.500505788411	MG2	VC	0	16
30	370.220689064015	420.685030070188	MG2	VC	0	16
31	395.332770596954	445.091755403877	MG2	VC	0	16
32	418.51000973562	467.742314316611	MG2	VC	0	16
33	442.87887050333	491.447819327748	MG2	VC	0	16
34	466.990217856517	515.058831002668	MG2	VC	0	16
35	490.489850550669	538.209943385379	MG2	VC	0	16
35	0	0	MG2	VC	0	16
1	0	0	MG2	VC	0	21
2	0	0	MG2	VC	0	21
3	0	0	MG2	VC	0	21
4	0	0	MG2	VC	0	21
5	0	4.70123988949909	MG2	VC	0	21
6	0	24.0885855850397	MG2	VC	0	21
7	0	35.8974858119865	MG2	VC	0	21
8	0	70.6099914016762	MG2	VC	0	21
9	1.28554771792901	104.815617594267	MG2	VC	0	21
10	11.933954273691	142.373921583384	MG2	VC	0	21
11	29.1680462700618	184.393713818227	MG2	VC	0	21
12	57.7890749647933	223.975518817414	MG2	VC	0	21
13	101.602084213715	280.534787612936	MG2	VC	0	21
14	149.680706293525	336.345279210986	MG2	VC	0	21
15	198.448126559115	388.993491719496	MG2	VC	0	21
16	252.729067453373	448.637465779767	MG2	VC	0	21
17	307.606307888384	506.839941380688	MG2	VC	0	21
17	301.369286389446	457.957569708384	MG2	VC	0	21
18	353.037542410619	502.225323448401	MG2	VC	0	21
19	408.939633806072	559.085808460212	MG2	VC	0	21
20	465.842672983774	616.309565095533	MG2	VC	0	21
21	521.324356560653	671.860535153239	MG2	VC	0	21
22	575.468001424868	725.783086247729	MG2	VC	0	21
23	628.461649411648	778.224361514846	MG2	VC	0	21
24	683.981567996543	833.617783435539	MG2	VC	0	21
25	736.607567740551	886.347113058304	MG2	VC	0	21
25	502.419966087614	550.288560832331	MG2	VC	0	21
26	527.83210882036	578.844493689436	MG2	VC	0	21
27	565.07326911132	615.614605204543	MG2	VC	0	21
28	603.655665145801	653.636111665124	MG2	VC	0	21
29	640.707241057559	690.217713578007	MG2	VC	0	21
30	678.977123221983	727.902994875548	MG2	VC	0	21
31	714.803491026362	763.357070742123	MG2	VC	0	21
32	752.691181323435	800.831412146517	MG2	VC	0	21
33	785.999030299312	833.923009163853	MG2	VC	0	21
34	823.707700396807	871.12883836737	MG2	VC	0	21
35	855.368117042308	902.646820978225	MG2	VC	0	21
35	0	0	MG2	VC	0	21
1	0	0	MG2	VC	0	26
2	0	0	MG2	VC	0	26
3	0	0	MG2	VC	0	26
4	0	4.68138913287515	MG2	VC	0	26
5	0	31.2812736980745	MG2	VC	0	26
6	0	50.3752297487336	MG2	VC	0	26
7	0.426286305652266	110.706937509824	MG2	VC	0	26
8	18.6924427168116	162.848704154429	MG2	VC	0	26
9	45.7922179916284	214.15483461827	MG2	VC	0	26
10	109.1847050463	290.090494854811	MG2	VC	0	26
11	180.516376053312	369.357175917094	MG2	VC	0	26
12	255.049412717046	448.177946154684	MG2	VC	0	26
13	334.674209822357	532.421269834707	MG2	VC	0	26
14	413.833354835745	612.409089438742	MG2	VC	0	26
15	495.311954102226	694.81989220247	MG2	VC	0	26
16	584.133487268948	785.760005738848	MG2	VC	0	26
17	671.593519849952	874.292330045564	MG2	VC	0	26
17	644.731003563622	791.591273425273	MG2	VC	0	26
18	718.915110508095	866.772717935661	MG2	VC	0	26
19	798.558664808881	946.47989961346	MG2	VC	0	26
20	879.689738099541	1027.08844423107	MG2	VC	0	26
21	955.061026644479	1102.08297392699	MG2	VC	0	26
22	1029.45886795002	1175.86402491253	MG2	VC	0	26
23	1104.82593052445	1251.3142898199	MG2	VC	0	26
24	1179.34933775383	1325.88020171788	MG2	VC	0	26
25	1250.79777707687	1397.41961588628	MG2	VC	0	26
25	804.87694571019	850.369842856486	MG2	VC	0	26
26	840.860653626085	891.531818843657	MG2	VC	0	26
27	889.481791249873	939.86969450995	MG2	VC	0	26
28	942.98943945603	992.819014900766	MG2	VC	0	26
29	989.881599101792	1039.38501319799	MG2	VC	0	26
30	1037.6597012021	1086.92982708999	MG2	VC	0	26
31	1087.75741003172	1136.64016376267	MG2	VC	0	26
32	1133.26200548767	1182.06410796433	MG2	VC	0	26
33	1177.91990122445	1226.58043582539	MG2	VC	0	26
34	1217.99547316766	1266.68259734785	MG2	VC	0	26
35	1262.08933161443	1310.59525316958	MG2	VC	0	26
35	0	0	MG2	VC	0	26
1	0	0	MG2	VC	0	7
2	0	0	MG2	VC	0	7
3	0	0	MG2	VC	0	7
4	0	0	MG2	VC	0	7
5	0	0	MG2	VC	0	7
6	0	0	MG2	VC	0	7
7	0	0	MG2	VC	0	7
8	0	0.00320791023953622	MG2	VC	0	7
9	0	0.227729707199877	MG2	VC	0	7
10	0	2.16580775112737	MG2	VC	0	7
11	0	2.98225000623639	MG2	VC	0	7
12	0	3.83249368959487	MG2	VC	0	7
13	0	5.69357298874068	MG2	VC	0	7
14	0	9.93465532279952	MG2	VC	0	7
15	0	14.910746187046	MG2	VC	0	7
16	0	19.3277985467957	MG2	VC	0	7
17	0	23.3400504455295	MG2	VC	0	7
17	0	22.4719383549566	MG2	VC	0	7
18	0.0189162642037012	27.1471108552123	MG2	VC	0	7
19	0.121942251190772	34.2704337115701	MG2	VC	0	7
20	0.409255850542448	41.4197640160791	MG2	VC	0	7
21	1.00966617433134	48.2850473526123	MG2	VC	0	7
22	1.89357513977588	54.8124860235213	MG2	VC	0	7
23	3.38461155193692	62.2233116495438	MG2	VC	0	7
24	5.21050232182275	70.1872809413355	MG2	VC	0	7
25	7.71129459975009	78.2699065541951	MG2	VC	0	7
25	7.71129459975009	49.4847976302708	MG2	VC	0	7
26	15.5201943390636	53.2272147190201	MG2	VC	0	7
27	20.0958732373089	58.670895422565	MG2	VC	0	7
28	25.1348054764279	64.8215974817147	MG2	VC	0	7
29	30.3573273702783	71.0338470520683	MG2	VC	0	7
30	36.1724963996459	77.4564584718026	MG2	VC	0	7
31	42.3447498580868	83.9019727483268	MG2	VC	0	7
32	48.1278959680747	89.984228240194	MG2	VC	0	7
33	54.3395281804861	96.2398152352571	MG2	VC	0	7
34	60.8988713725655	102.920247501844	MG2	VC	0	7
35	67.4552109594814	109.484486723484	MG2	VC	0	7
35	0	0	MG2	VC	0	7
1	0	0	MG2	VC	1	11
2	0	0	MG2	VC	1	11
3	0	0	MG2	VC	1	11
4	0	0	MG2	VC	1	11
5	0	0	MG2	VC	1	11
6	0	0.0208188124467257	MG2	VC	1	11
7	0	2.98151002426263	MG2	VC	1	11
8	0	3.80255241989045	MG2	VC	1	11
9	0	6.63104554691834	MG2	VC	1	11
10	0	17.1926957486684	MG2	VC	1	11
11	0	24.0023089798735	MG2	VC	1	11
12	0	30.9106309079758	MG2	VC	1	11
13	0.0223552780894224	45.0929443225256	MG2	VC	1	11
14	0.223039583717169	60.2713595660224	MG2	VC	1	11
15	1.1690756057929	73.6718497967477	MG2	VC	1	11
16	3.17217854732467	86.4956305547667	MG2	VC	1	11
17	6.51829107224552	102.611289015102	MG2	VC	1	11
17	6.51829107224552	95.5423741355809	MG2	VC	1	11
18	16.4241831286954	109.287521081643	MG2	VC	1	11
19	24.3263400530211	122.577851093085	MG2	VC	1	11
20	34.0038137162489	136.554246644414	MG2	VC	1	11
21	45.8754039882199	154.003814026502	MG2	VC	1	11
22	58.9654423146459	171.810472794047	MG2	VC	1	11
23	72.4923338383159	189.025454037485	MG2	VC	1	11
24	86.8961364088159	206.294805292257	MG2	VC	1	11
25	101.164538045909	222.663701995285	MG2	VC	1	11
25	89.1692914488598	141.850166250485	MG2	VC	1	11
26	101.568284296349	150.760314679329	MG2	VC	1	11
27	113.866659909389	162.802316054223	MG2	VC	1	11
28	126.434491037083	175.093669505486	MG2	VC	1	11
29	138.170605126979	186.318011227593	MG2	VC	1	11
30	151.062038004843	198.822290698554	MG2	VC	1	11
31	163.646050267496	211.243236219162	MG2	VC	1	11
32	177.509286097113	224.796844896199	MG2	VC	1	11
33	189.934503019708	236.980611202644	MG2	VC	1	11
34	202.831906505449	249.45853164005	MG2	VC	1	11
35	215.020572140544	261.293838470634	MG2	VC	1	11
35	0	0	MG2	VC	1	11
1	0	0	MG2	VC	1	16
2	0	0	MG2	VC	1	16
3	0	0	MG2	VC	1	16
4	0	0	MG2	VC	1	16
5	0	3.34708745574524	MG2	VC	1	16
6	0	4.44518707772158	MG2	VC	1	16
7	0	20.80516471115	MG2	VC	1	16
8	0	30.1126403411799	MG2	VC	1	16
9	0	46.528614479603	MG2	VC	1	16
10	0.109291072148706	75.2916985423173	MG2	VC	1	16
11	2.33479848663079	95.7092354175279	MG2	VC	1	16
12	8.83889993440674	122.161387208826	MG2	VC	1	16
13	18.2942488424683	149.983110116817	MG2	VC	1	16
14	31.6308184449058	174.687958817559	MG2	VC	1	16
15	50.1391773915277	201.201537868739	MG2	VC	1	16
16	74.4556874355586	235.274924401353	MG2	VC	1	16
17	100.735378812793	269.019249659759	MG2	VC	1	16
17	100.735378812793	243.502666784717	MG2	VC	1	16
18	135.601278084727	269.716406402576	MG2	VC	1	16
19	163.643542058161	300.342791676905	MG2	VC	1	16
20	192.50291122123	331.698512393564	MG2	VC	1	16
21	221.050301912315	361.501320128491	MG2	VC	1	16
22	248.74026365765	389.821332000517	MG2	VC	1	16
23	276.483819769487	417.439836686999	MG2	VC	1	16
24	302.678595738977	443.361758554857	MG2	VC	1	16
25	331.206364360264	472.429130976081	MG2	VC	1	16
25	241.018515312383	292.535997227239	MG2	VC	1	16
26	257.994468541684	309.808222130199	MG2	VC	1	16
27	279.209652726234	330.172961589619	MG2	VC	1	16
28	299.648193540081	349.999765364217	MG2	VC	1	16
29	321.587444478246	371.412385735279	MG2	VC	1	16
30	341.547667055366	390.869572452518	MG2	VC	1	16
31	362.166161838156	410.860938276011	MG2	VC	1	16
32	381.61102828101	429.790871828077	MG2	VC	1	16
33	400.120076737435	447.797083248794	MG2	VC	1	16
34	419.277514888806	466.308319869516	MG2	VC	1	16
35	436.698498065859	483.235472424154	MG2	VC	1	16
35	0	0	MG2	VC	1	16
1	0	0	MG2	VC	1	21
2	0	0	MG2	VC	1	21
3	0	0	MG2	VC	1	21
4	0	3.90808822331808	MG2	VC	1	21
5	0	23.2895002840667	MG2	VC	1	21
6	0	34.1856735227686	MG2	VC	1	21
7	0	75.6210502430116	MG2	VC	1	21
8	1.34020629282164	106.296517636991	MG2	VC	1	21
9	14.2919669693077	146.622314617422	MG2	VC	1	21
10	31.8644427235753	187.176634532115	MG2	VC	1	21
11	63.1323281577357	227.473198910658	MG2	VC	1	21
12	108.280044287642	283.923855712059	MG2	VC	1	21
13	154.332832495667	336.247800314669	MG2	VC	1	21
14	199.637859226623	384.103468292107	MG2	VC	1	21
15	249.43510337895	438.974860869244	MG2	VC	1	21
16	298.73404240287	491.33855994876	MG2	VC	1	21
17	345.666661986239	539.620308131268	MG2	VC	1	21
17	337.961753570693	488.090429710478	MG2	VC	1	21
18	380.363195365516	524.413403081037	MG2	VC	1	21
19	428.720086470372	573.249082840025	MG2	VC	1	21
20	475.989379848393	620.697018041166	MG2	VC	1	21
21	521.083526431061	665.553666969412	MG2	VC	1	21
22	563.252456551197	707.287492963391	MG2	VC	1	21
23	604.334623966874	747.5297616326	MG2	VC	1	21
24	646.365263957853	789.710451209084	MG2	VC	1	21
25	688.947032217352	832.090754596388	MG2	VC	1	21
25	472.957417564265	519.963861069662	MG2	VC	1	21
26	485.297817249459	534.150883079713	MG2	VC	1	21
27	516.717482609344	564.96008813512	MG2	VC	1	21
28	544.440368715848	592.263630795111	MG2	VC	1	21
29	575.55868642311	622.734739514531	MG2	VC	1	21
30	600.650994889433	647.461092719288	MG2	VC	1	21
31	628.220895052493	674.699833179165	MG2	VC	1	21
32	656.753724314221	702.523478397885	MG2	VC	1	21
33	679.568989506013	725.086731903976	MG2	VC	1	21
34	708.151048704553	753.200341313809	MG2	VC	1	21
35	730.715905585445	775.583772590132	MG2	VC	1	21
35	0	0	MG2	VC	1	21
1	0	0	MG2	VC	1	26
2	0	0	MG2	VC	1	26
3	0	4.02124076426838	MG2	VC	1	26
4	0	30.69243118052	MG2	VC	1	26
5	0	79.6109755407005	MG2	VC	1	26
6	0.793165251236106	119.540744065977	MG2	VC	1	26
7	28.0695100224598	185.953219286907	MG2	VC	1	26
8	63.2018474720338	236.09671987352	MG2	VC	1	26
9	145.118493776324	329.121373415754	MG2	VC	1	26
10	215.743117481675	403.477718006385	MG2	VC	1	26
11	293.318587708458	485.408079234494	MG2	VC	1	26
12	369.40028609539	564.126924220697	MG2	VC	1	26
13	438.733625249446	631.987973381551	MG2	VC	1	26
14	513.774831415121	707.544306967896	MG2	VC	1	26
15	591.992009711201	787.362913770309	MG2	VC	1	26
16	666.705690892618	862.368125705307	MG2	VC	1	26
17	735.634621915771	931.23424645862	MG2	VC	1	26
17	699.229959118056	840.861125183228	MG2	VC	1	26
18	754.854330243261	897.36017583873	MG2	VC	1	26
19	818.444960098561	960.149443562784	MG2	VC	1	26
20	876.22224715662	1017.13700580741	MG2	VC	1	26
21	930.678533846416	1070.56833984699	MG2	VC	1	26
22	980.327453544186	1119.13899236691	MG2	VC	1	26
23	1032.65631576837	1171.10604216176	MG2	VC	1	26
24	1084.30066032261	1222.6763232329	MG2	VC	1	26
25	1135.66493322183	1273.73736730958	MG2	VC	1	26
25	737.922833133518	782.048438914478	MG2	VC	1	26
26	754.27805512667	802.130105030904	MG2	VC	1	26
27	791.600996215945	838.882216142011	MG2	VC	1	26
28	825.246270674286	872.130335186722	MG2	VC	1	26
29	862.130547031653	908.328897881545	MG2	VC	1	26
30	889.133474429423	935.213725326035	MG2	VC	1	26
31	921.994386273893	967.512034409168	MG2	VC	1	26
32	952.237331291242	997.372403253214	MG2	VC	1	26
33	983.81885676237	1028.47556348738	MG2	VC	1	26
34	1011.0279320444	1055.50673819576	MG2	VC	1	26
35	1037.52755294292	1081.88941706084	MG2	VC	1	26
35	0	0	MG2	VC	1	26
1	0	0	MG2	VC	1	7
2	0	0	MG2	VC	1	7
3	0	0	MG2	VC	1	7
4	0	0	MG2	VC	1	7
5	0	0	MG2	VC	1	7
6	0	0	MG2	VC	1	7
7	0	0	MG2	VC	1	7
8	0	0.0474584623720605	MG2	VC	1	7
9	0	1.75924822659116	MG2	VC	1	7
10	0	2.53065682589287	MG2	VC	1	7
11	0	3.21738357339251	MG2	VC	1	7
12	0	4.49241605222991	MG2	VC	1	7
13	0	8.1545613882351	MG2	VC	1	7
14	0	13.0049834671004	MG2	VC	1	7
15	0	17.3905124838619	MG2	VC	1	7
16	0	21.4352619364088	MG2	VC	1	7
17	0	26.4501599737106	MG2	VC	1	7
17	0	25.5484086282921	MG2	VC	1	7
18	0.056148700891649	31.3666122649112	MG2	VC	1	7
19	0.261060143143967	38.3201367387312	MG2	VC	1	7
20	0.701423301647627	45.1157639467342	MG2	VC	1	7
21	1.45927601498286	51.6877293012285	MG2	VC	1	7
22	2.60208057113423	58.1939536232668	MG2	VC	1	7
23	4.15308778090909	65.9562505667719	MG2	VC	1	7
24	6.16044367306967	73.8250492688932	MG2	VC	1	7
25	8.72243289631953	81.5837118738724	MG2	VC	1	7
25	8.72243289631953	51.3293469159926	MG2	VC	1	7
26	16.6314658424537	54.7421698347085	MG2	VC	1	7
27	20.8873758917647	59.996405955333	MG2	VC	1	7
28	25.897247115931	66.1139538317085	MG2	VC	1	7
29	30.9719540513587	72.2011325906947	MG2	VC	1	7
30	36.5127864273878	78.4692185271191	MG2	VC	1	7
31	42.3084203898282	84.8132851957949	MG2	VC	1	7
32	47.8135965184355	90.6787621429171	MG2	VC	1	7
33	53.7288910647225	96.7666932658948	MG2	VC	1	7
34	59.3121787456783	102.416723319057	MG2	VC	1	7
35	65.6135763527337	109.042216162705	MG2	VC	1	7
35	0	0	MG2	VC	1	7
